tabla;id;maquina;n_bloque;material;operacion;fecha_hora;create_date
parte_discopuente_mapeada;69970;1;45886;71;0;Tue Dec 22 2026 19:33:00 GMT+0100 (hora estándar de Europa central);Thu Jan 01 2026 00:03:18 GMT+0100 (hora estándar de Europa central)
parte_discopuente_mapeada;69969;1;45886;71;0;Tue Dec 22 2026 18:45:00 GMT+0100 (hora estándar de Europa central);Thu Jan 01 2026 00:03:18 GMT+0100 (hora estándar de Europa central)
parte_discopuente_mapeada;69968;1;45886;71;0;Tue Dec 22 2026 17:32:00 GMT+0100 (hora estándar de Europa central);Thu Jan 01 2026 00:03:18 GMT+0100 (hora estándar de Europa central)
parte_discopuente_mapeada;69967;1;45573;71;0;Tue Dec 22 2026 14:03:00 GMT+0100 (hora estándar de Europa central);Thu Jan 01 2026 00:03:18 GMT+0100 (hora estándar de Europa central)
parte_discopuente_mapeada;69966;1;45573;71;0;Tue Dec 22 2026 13:00:00 GMT+0100 (hora estándar de Europa central);Thu Jan 01 2026 00:03:18 GMT+0100 (hora estándar de Europa central)
parte_discopuente_mapeada;69965;1;45573;71;0;Tue Dec 22 2026 08:30:00 GMT+0100 (hora estándar de Europa central);Thu Jan 01 2026 00:03:18 GMT+0100 (hora estándar de Europa central)
parte_discopuente_mapeada;69964;1;46343;71;0;Tue Dec 22 2026 06:26:00 GMT+0100 (hora estándar de Europa central);Thu Jan 01 2026 00:03:18 GMT+0100 (hora estándar de Europa central)
parte_discopuente_mapeada;69963;1;46326;71;0;Sat Dec 19 2026 20:06:00 GMT+0100 (hora estándar de Europa central);Thu Jan 01 2026 00:03:18 GMT+0100 (hora estándar de Europa central)
parte_discopuente_mapeada;69962;1;46346;71;0;Sat Dec 19 2026 10:41:00 GMT+0100 (hora estándar de Europa central);Thu Jan 01 2026 00:03:18 GMT+0100 (hora estándar de Europa central)
parte_discopuente_mapeada;69961;1;46224;71;0;Sat Dec 19 2026 07:09:00 GMT+0100 (hora estándar de Europa central);Thu Jan 01 2026 00:03:18 GMT+0100 (hora estándar de Europa central)
parte_trabajo_mapeada;52679;3;0;;0;Fri Dec 18 2026 20:56:00 GMT+0100 (hora estándar de Europa central);Thu Jan 01 2026 00:00:05 GMT+0100 (hora estándar de Europa central)
parte_trabajo_mapeada;52678;2;0;;0;Fri Dec 18 2026 20:56:00 GMT+0100 (hora estándar de Europa central);Thu Jan 01 2026 00:00:05 GMT+0100 (hora estándar de Europa central)
parte_discopuente_mapeada;69960;1;46461;;0;Fri Dec 18 2026 15:32:00 GMT+0100 (hora estándar de Europa central);Thu Jan 01 2026 00:03:18 GMT+0100 (hora estándar de Europa central)
parte_discopuente_mapeada;69959;1;46451;;0;Fri Dec 18 2026 15:30:00 GMT+0100 (hora estándar de Europa central);Thu Jan 01 2026 00:03:18 GMT+0100 (hora estándar de Europa central)
parte_discopuente_mapeada;69958;1;46345;71;0;Thu Dec 17 2026 20:11:00 GMT+0100 (hora estándar de Europa central);Thu Jan 01 2026 00:03:18 GMT+0100 (hora estándar de Europa central)
parte_discopuente_mapeada;69957;1;46345;71;0;Thu Dec 17 2026 18:52:00 GMT+0100 (hora estándar de Europa central);Thu Jan 01 2026 00:03:18 GMT+0100 (hora estándar de Europa central)
parte_discopuente_mapeada;69956;1;46345;71;0;Thu Dec 17 2026 15:48:00 GMT+0100 (hora estándar de Europa central);Thu Jan 01 2026 00:03:18 GMT+0100 (hora estándar de Europa central)
parte_discopuente_mapeada;69955;1;46423;71;0;Thu Dec 17 2026 15:45:00 GMT+0100 (hora estándar de Europa central);Thu Jan 01 2026 00:03:18 GMT+0100 (hora estándar de Europa central)
parte_discopuente_mapeada;69954;1;46350;71;0;Thu Dec 17 2026 09:00:00 GMT+0100 (hora estándar de Europa central);Thu Jan 01 2026 00:03:18 GMT+0100 (hora estándar de Europa central)
parte_discopuente_mapeada;69953;1;46338;71;0;Thu Dec 17 2026 06:25:00 GMT+0100 (hora estándar de Europa central);Thu Jan 01 2026 00:03:18 GMT+0100 (hora estándar de Europa central)
parte_discopuente_mapeada;69952;1;46338;71;0;Wed Dec 16 2026 20:33:00 GMT+0100 (hora estándar de Europa central);Thu Jan 01 2026 00:03:18 GMT+0100 (hora estándar de Europa central)
parte_discopuente_mapeada;69951;1;46335;71;0;Wed Dec 16 2026 12:52:00 GMT+0100 (hora estándar de Europa central);Thu Jan 01 2026 00:03:18 GMT+0100 (hora estándar de Europa central)
parte_trabajo_mapeada;52677;1;0;;0;Wed Dec 16 2026 12:50:00 GMT+0100 (hora estándar de Europa central);Thu Jan 01 2026 00:00:05 GMT+0100 (hora estándar de Europa central)
parte_discopuente_mapeada;69950;1;46338;71;0;Wed Dec 16 2026 12:41:00 GMT+0100 (hora estándar de Europa central);Thu Jan 01 2026 00:03:18 GMT+0100 (hora estándar de Europa central)
parte_discopuente_mapeada;69949;1;46341;71;0;Wed Dec 16 2026 08:24:00 GMT+0100 (hora estándar de Europa central);Thu Jan 01 2026 00:03:18 GMT+0100 (hora estándar de Europa central)
parte_discopuente_mapeada;69948;1;46234;71;0;Wed Dec 16 2026 05:21:00 GMT+0100 (hora estándar de Europa central);Thu Jan 01 2026 00:03:18 GMT+0100 (hora estándar de Europa central)
parte_discopuente_mapeada;69947;1;46358;71;0;Tue Dec 15 2026 11:20:00 GMT+0100 (hora estándar de Europa central);Thu Jan 01 2026 00:03:18 GMT+0100 (hora estándar de Europa central)
parte_discopuente_mapeada;69946;1;46358;71;0;Tue Dec 15 2026 11:18:00 GMT+0100 (hora estándar de Europa central);Thu Jan 01 2026 00:03:18 GMT+0100 (hora estándar de Europa central)
parte_discopuente_mapeada;69945;1;46358;71;0;Tue Dec 15 2026 11:15:00 GMT+0100 (hora estándar de Europa central);Thu Jan 01 2026 00:03:18 GMT+0100 (hora estándar de Europa central)
parte_discopuente_mapeada;69944;1;46344;71;0;Sat Dec 12 2026 17:26:00 GMT+0100 (hora estándar de Europa central);Thu Jan 01 2026 00:03:18 GMT+0100 (hora estándar de Europa central)
parte_discopuente_mapeada;69943;1;45406;73;0;Sat Dec 12 2026 11:43:00 GMT+0100 (hora estándar de Europa central);Thu Jan 01 2026 00:03:18 GMT+0100 (hora estándar de Europa central)
parte_discopuente_mapeada;69942;1;45408;73;0;Sat Dec 12 2026 10:45:00 GMT+0100 (hora estándar de Europa central);Thu Jan 01 2026 00:03:18 GMT+0100 (hora estándar de Europa central)
parte_discopuente_mapeada;69941;1;46146;71;0;Sat Dec 12 2026 06:44:00 GMT+0100 (hora estándar de Europa central);Thu Jan 01 2026 00:03:18 GMT+0100 (hora estándar de Europa central)
parte_discopuente_mapeada;69940;1;0;71;0;Sat Dec 12 2026 06:00:00 GMT+0100 (hora estándar de Europa central);Thu Jan 01 2026 00:03:18 GMT+0100 (hora estándar de Europa central)
parte_trabajo_mapeada;52676;2;0;;0;Fri Dec 11 2026 20:59:00 GMT+0100 (hora estándar de Europa central);Thu Jan 01 2026 00:00:05 GMT+0100 (hora estándar de Europa central)
parte_discopuente_mapeada;69939;1;46396;90;0;Fri Dec 11 2026 16:07:00 GMT+0100 (hora estándar de Europa central);Thu Jan 01 2026 00:03:18 GMT+0100 (hora estándar de Europa central)
parte_discopuente_mapeada;69938;1;46396;90;0;Fri Dec 11 2026 14:13:00 GMT+0100 (hora estándar de Europa central);Thu Jan 01 2026 00:03:18 GMT+0100 (hora estándar de Europa central)
parte_discopuente_mapeada;69937;1;46396;90;0;Fri Dec 11 2026 11:07:00 GMT+0100 (hora estándar de Europa central);Thu Jan 01 2026 00:03:18 GMT+0100 (hora estándar de Europa central)
parte_discopuente_mapeada;69936;1;46396;90;0;Fri Dec 11 2026 10:20:00 GMT+0100 (hora estándar de Europa central);Thu Jan 01 2026 00:03:18 GMT+0100 (hora estándar de Europa central)
parte_discopuente_mapeada;69935;1;46389;90;0;Fri Dec 11 2026 07:39:00 GMT+0100 (hora estándar de Europa central);Thu Jan 01 2026 00:03:18 GMT+0100 (hora estándar de Europa central)
parte_discopuente_mapeada;69934;1;46389;90;0;Thu Dec 10 2026 19:53:00 GMT+0100 (hora estándar de Europa central);Thu Jan 01 2026 00:03:18 GMT+0100 (hora estándar de Europa central)
parte_discopuente_mapeada;69933;1;46374;90;0;Thu Dec 10 2026 19:06:00 GMT+0100 (hora estándar de Europa central);Thu Jan 01 2026 00:03:18 GMT+0100 (hora estándar de Europa central)
parte_discopuente_mapeada;69932;1;46374;90;0;Thu Dec 10 2026 17:00:00 GMT+0100 (hora estándar de Europa central);Thu Jan 01 2026 00:03:18 GMT+0100 (hora estándar de Europa central)
parte_discopuente_mapeada;69931;1;46367;90;0;Thu Dec 10 2026 12:13:00 GMT+0100 (hora estándar de Europa central);Thu Jan 01 2026 00:03:18 GMT+0100 (hora estándar de Europa central)
parte_discopuente_mapeada;69930;1;46367;90;0;Thu Dec 10 2026 09:43:00 GMT+0100 (hora estándar de Europa central);Thu Jan 01 2026 00:03:18 GMT+0100 (hora estándar de Europa central)
parte_trabajo_mapeada;52675;3;0;;0;Wed Dec 09 2026 20:56:00 GMT+0100 (hora estándar de Europa central);Thu Jan 01 2026 00:00:05 GMT+0100 (hora estándar de Europa central)
parte_discopuente_mapeada;69929;1;46368;90;0;Wed Dec 09 2026 11:58:00 GMT+0100 (hora estándar de Europa central);Thu Jan 01 2026 00:03:18 GMT+0100 (hora estándar de Europa central)
parte_discopuente_mapeada;69928;1;46368;90;0;Wed Dec 09 2026 10:07:00 GMT+0100 (hora estándar de Europa central);Thu Jan 01 2026 00:03:18 GMT+0100 (hora estándar de Europa central)
parte_discopuente_mapeada;69927;1;46377;90;0;Wed Dec 09 2026 07:46:00 GMT+0100 (hora estándar de Europa central);Thu Jan 01 2026 00:03:18 GMT+0100 (hora estándar de Europa central)
parte_discopuente_mapeada;69926;1;46377;90;0;Wed Dec 09 2026 05:47:00 GMT+0100 (hora estándar de Europa central);Thu Jan 01 2026 00:03:18 GMT+0100 (hora estándar de Europa central)
parte_discopuente_mapeada;69925;1;46377;90;0;Sat Dec 05 2026 10:56:00 GMT+0100 (hora estándar de Europa central);Thu Jan 01 2026 00:03:18 GMT+0100 (hora estándar de Europa central)
parte_discopuente_mapeada;69924;1;46315;71;0;Fri Dec 04 2026 19:37:00 GMT+0100 (hora estándar de Europa central);Thu Jan 01 2026 00:03:18 GMT+0100 (hora estándar de Europa central)
parte_discopuente_mapeada;69923;1;46315;71;0;Fri Dec 04 2026 14:50:00 GMT+0100 (hora estándar de Europa central);Thu Jan 01 2026 00:03:18 GMT+0100 (hora estándar de Europa central)
parte_discopuente_mapeada;69922;1;46315;71;0;Fri Dec 04 2026 14:05:00 GMT+0100 (hora estándar de Europa central);Thu Jan 01 2026 00:03:18 GMT+0100 (hora estándar de Europa central)
parte_discopuente_mapeada;69921;1;0;71;0;Fri Dec 04 2026 11:50:00 GMT+0100 (hora estándar de Europa central);Thu Jan 01 2026 00:03:18 GMT+0100 (hora estándar de Europa central)
parte_discopuente_mapeada;69920;1;0;71;0;Fri Dec 04 2026 10:43:00 GMT+0100 (hora estándar de Europa central);Thu Jan 01 2026 00:03:18 GMT+0100 (hora estándar de Europa central)
parte_discopuente_mapeada;69919;1;0;71;0;Fri Dec 04 2026 08:30:00 GMT+0100 (hora estándar de Europa central);Thu Jan 01 2026 00:03:18 GMT+0100 (hora estándar de Europa central)
parte_discopuente_mapeada;69918;1;46131;71;0;Fri Dec 04 2026 06:40:00 GMT+0100 (hora estándar de Europa central);Thu Jan 01 2026 00:03:18 GMT+0100 (hora estándar de Europa central)
parte_discopuente_mapeada;69917;1;46161;71;0;Fri Dec 04 2026 06:37:00 GMT+0100 (hora estándar de Europa central);Thu Jan 01 2026 00:03:18 GMT+0100 (hora estándar de Europa central)
parte_discopuente_mapeada;69916;1;46042;71;0;Thu Dec 03 2026 15:26:00 GMT+0100 (hora estándar de Europa central);Thu Jan 01 2026 00:03:18 GMT+0100 (hora estándar de Europa central)
parte_discopuente_mapeada;69915;1;45962;71;0;Wed Dec 02 2026 14:43:00 GMT+0100 (hora estándar de Europa central);Thu Jan 01 2026 00:03:18 GMT+0100 (hora estándar de Europa central)
parte_discopuente_mapeada;69914;1;45957;71;0;Wed Dec 02 2026 14:37:00 GMT+0100 (hora estándar de Europa central);Thu Jan 01 2026 00:03:18 GMT+0100 (hora estándar de Europa central)
parte_discopuente_mapeada;69913;1;45957;71;0;Wed Dec 02 2026 12:30:00 GMT+0100 (hora estándar de Europa central);Thu Jan 01 2026 00:03:18 GMT+0100 (hora estándar de Europa central)
parte_discopuente_mapeada;69912;1;45957;71;0;Wed Dec 02 2026 11:37:00 GMT+0100 (hora estándar de Europa central);Thu Jan 01 2026 00:03:18 GMT+0100 (hora estándar de Europa central)
parte_discopuente_mapeada;69911;1;46366;94;0;Tue Dec 01 2026 20:07:00 GMT+0100 (hora estándar de Europa central);Thu Jan 01 2026 00:03:18 GMT+0100 (hora estándar de Europa central)
parte_discopuente_mapeada;69910;1;46336;71;0;Tue Dec 01 2026 06:09:00 GMT+0100 (hora estándar de Europa central);Thu Jan 01 2026 00:03:18 GMT+0100 (hora estándar de Europa central)
parte_discopuente_mapeada;69909;1;46300;117;0;Sat Nov 28 2026 10:26:00 GMT+0100 (hora estándar de Europa central);Thu Jan 01 2026 00:03:18 GMT+0100 (hora estándar de Europa central)
parte_discopuente_mapeada;69908;1;46300;117;0;Sat Nov 28 2026 09:52:00 GMT+0100 (hora estándar de Europa central);Thu Jan 01 2026 00:03:18 GMT+0100 (hora estándar de Europa central)
parte_discopuente_mapeada;69907;1;46298;117;0;Sat Nov 28 2026 09:50:00 GMT+0100 (hora estándar de Europa central);Thu Jan 01 2026 00:03:18 GMT+0100 (hora estándar de Europa central)
parte_discopuente_mapeada;69906;1;46295;117;0;Fri Nov 27 2026 15:30:00 GMT+0100 (hora estándar de Europa central);Thu Jan 01 2026 00:03:18 GMT+0100 (hora estándar de Europa central)
parte_discopuente_mapeada;69905;1;45912;72;0;Fri Nov 27 2026 10:26:00 GMT+0100 (hora estándar de Europa central);Thu Jan 01 2026 00:03:18 GMT+0100 (hora estándar de Europa central)
parte_discopuente_mapeada;69904;1;46319;72;0;Fri Nov 27 2026 10:24:00 GMT+0100 (hora estándar de Europa central);Thu Jan 01 2026 00:03:18 GMT+0100 (hora estándar de Europa central)
parte_discopuente_mapeada;69903;1;46314;90;0;Thu Nov 26 2026 14:07:00 GMT+0100 (hora estándar de Europa central);Thu Jan 01 2026 00:03:18 GMT+0100 (hora estándar de Europa central)
parte_trabajo_mapeada;52672;1;0;;0;Thu Nov 26 2026 13:00:00 GMT+0100 (hora estándar de Europa central);Thu Jan 01 2026 00:00:05 GMT+0100 (hora estándar de Europa central)
parte_trabajo_mapeada;52673;1;46350;71;4;Thu Nov 26 2026 11:37:00 GMT+0100 (hora estándar de Europa central);Thu Jan 01 2026 00:00:05 GMT+0100 (hora estándar de Europa central)
parte_discopuente_mapeada;69902;1;46314;90;0;Thu Nov 26 2026 07:58:00 GMT+0100 (hora estándar de Europa central);Thu Jan 01 2026 00:03:18 GMT+0100 (hora estándar de Europa central)
parte_discopuente_mapeada;69901;1;46274;90;0;Thu Nov 26 2026 06:00:00 GMT+0100 (hora estándar de Europa central);Thu Jan 01 2026 00:03:18 GMT+0100 (hora estándar de Europa central)
parte_trabajo_mapeada;52674;1;0;;0;Wed Nov 25 2026 20:56:00 GMT+0100 (hora estándar de Europa central);Thu Jan 01 2026 00:00:05 GMT+0100 (hora estándar de Europa central)
parte_discopuente_mapeada;69900;1;46294;90;0;Wed Nov 25 2026 16:48:00 GMT+0100 (hora estándar de Europa central);Thu Jan 01 2026 00:03:18 GMT+0100 (hora estándar de Europa central)
parte_discopuente_mapeada;69899;1;46294;90;0;Wed Nov 25 2026 16:41:00 GMT+0100 (hora estándar de Europa central);Thu Jan 01 2026 00:03:18 GMT+0100 (hora estándar de Europa central)
parte_discopuente_mapeada;69898;1;46294;90;0;Wed Nov 25 2026 16:33:00 GMT+0100 (hora estándar de Europa central);Thu Jan 01 2026 00:03:18 GMT+0100 (hora estándar de Europa central)
parte_discopuente_mapeada;69897;1;46294;90;0;Wed Nov 25 2026 16:32:00 GMT+0100 (hora estándar de Europa central);Thu Jan 01 2026 00:03:18 GMT+0100 (hora estándar de Europa central)
parte_discopuente_mapeada;69896;1;46294;90;0;Wed Nov 25 2026 16:22:00 GMT+0100 (hora estándar de Europa central);Thu Jan 01 2026 00:03:18 GMT+0100 (hora estándar de Europa central)
parte_discopuente_mapeada;69895;1;46294;90;0;Wed Nov 25 2026 16:18:00 GMT+0100 (hora estándar de Europa central);Thu Jan 01 2026 00:03:18 GMT+0100 (hora estándar de Europa central)
parte_discopuente_mapeada;69894;1;46321;90;0;Wed Nov 25 2026 10:13:00 GMT+0100 (hora estándar de Europa central);Thu Jan 01 2026 00:03:18 GMT+0100 (hora estándar de Europa central)
parte_discopuente_mapeada;69893;1;45339;72;0;Wed Nov 25 2026 06:03:00 GMT+0100 (hora estándar de Europa central);Thu Jan 01 2026 00:03:18 GMT+0100 (hora estándar de Europa central)
parte_discopuente_mapeada;69892;1;45490;71;0;Tue Nov 24 2026 16:41:00 GMT+0100 (hora estándar de Europa central);Thu Jan 01 2026 00:03:18 GMT+0100 (hora estándar de Europa central)
parte_discopuente_mapeada;69891;1;46054;71;0;Tue Nov 24 2026 11:31:00 GMT+0100 (hora estándar de Europa central);Thu Jan 01 2026 00:03:18 GMT+0100 (hora estándar de Europa central)
parte_discopuente_mapeada;69890;1;46203;71;0;Tue Nov 24 2026 11:28:00 GMT+0100 (hora estándar de Europa central);Thu Jan 01 2026 00:03:18 GMT+0100 (hora estándar de Europa central)
parte_discopuente_mapeada;69889;1;46203;71;0;Tue Nov 24 2026 11:03:00 GMT+0100 (hora estándar de Europa central);Thu Jan 01 2026 00:03:18 GMT+0100 (hora estándar de Europa central)
parte_discopuente_mapeada;69888;1;46203;71;0;Tue Nov 24 2026 07:48:00 GMT+0100 (hora estándar de Europa central);Thu Jan 01 2026 00:03:18 GMT+0100 (hora estándar de Europa central)
parte_discopuente_mapeada;69887;1;45909;71;0;Sat Nov 21 2026 11:35:00 GMT+0100 (hora estándar de Europa central);Thu Jan 01 2026 00:03:18 GMT+0100 (hora estándar de Europa central)
parte_discopuente_mapeada;69886;1;45964;71;0;Sat Nov 21 2026 06:11:00 GMT+0100 (hora estándar de Europa central);Thu Jan 01 2026 00:03:18 GMT+0100 (hora estándar de Europa central)
parte_discopuente_mapeada;69885;1;45964;71;0;Fri Nov 20 2026 19:51:00 GMT+0100 (hora estándar de Europa central);Thu Jan 01 2026 00:03:18 GMT+0100 (hora estándar de Europa central)
parte_discopuente_mapeada;69884;1;46120;71;0;Fri Nov 20 2026 18:57:00 GMT+0100 (hora estándar de Europa central);Thu Jan 01 2026 00:03:18 GMT+0100 (hora estándar de Europa central)
parte_discopuente_mapeada;69883;1;46120;71;0;Fri Nov 20 2026 18:00:00 GMT+0100 (hora estándar de Europa central);Thu Jan 01 2026 00:03:18 GMT+0100 (hora estándar de Europa central)
parte_discopuente_mapeada;69882;1;46234;71;0;Fri Nov 20 2026 16:49:00 GMT+0100 (hora estándar de Europa central);Thu Jan 01 2026 00:03:18 GMT+0100 (hora estándar de Europa central)
parte_discopuente_mapeada;69881;1;46234;71;0;Fri Nov 20 2026 15:56:00 GMT+0100 (hora estándar de Europa central);Thu Jan 01 2026 00:03:18 GMT+0100 (hora estándar de Europa central)
parte_discopuente_mapeada;69880;1;46219;71;0;Fri Nov 20 2026 13:31:00 GMT+0100 (hora estándar de Europa central);Thu Jan 01 2026 00:03:18 GMT+0100 (hora estándar de Europa central)
parte_discopuente_mapeada;69879;1;46230;71;0;Fri Nov 20 2026 12:03:00 GMT+0100 (hora estándar de Europa central);Thu Jan 01 2026 00:03:18 GMT+0100 (hora estándar de Europa central)