telar;pm;materiales_produccion;materiales_partes;filas_produccion;filas_partes;prod_primera;prod_ultima;parte_primera;parte_ultima
3;0;71;71|72|73|78|89|90;1;730;Wed Jun 04 2025 06:39:00 GMT+0200 (hora de verano de Europa central);Wed Jun 04 2025 06:39:00 GMT+0200 (hora de verano de Europa central);Wed Jun 04 2025 06:39:00 GMT+0200 (hora de verano de Europa central);Fri Dec 18 2026 20:56:00 GMT+0100 (hora estándar de Europa central)
2;0;114;71|72|73|90|92|114|117;2;844;Wed Jun 04 2025 06:39:00 GMT+0200 (hora de verano de Europa central);Wed Jun 04 2025 06:41:00 GMT+0200 (hora de verano de Europa central);Wed Jun 04 2025 11:58:00 GMT+0200 (hora de verano de Europa central);Fri Dec 18 2026 20:56:00 GMT+0100 (hora estándar de Europa central)
4;0;71|75|85;71|72|73|75|78|85|114|117|130|131|132|138;281;778;Wed Sep 17 2025 12:03:00 GMT+0200 (hora de verano de Europa central);Mon Oct 27 2025 13:58:00 GMT+0100 (hora estándar de Europa central);Tue Sep 02 2025 11:54:00 GMT+0200 (hora de verano de Europa central);Tue Nov 17 2026 12:52:00 GMT+0100 (hora estándar de Europa central)
1;46198;114;71;296;6;Thu Nov 06 2025 07:22:00 GMT+0100 (hora estándar de Europa central);Mon Nov 10 2025 15:07:00 GMT+0100 (hora estándar de Europa central);Wed Nov 05 2025 20:14:00 GMT+0100 (hora estándar de Europa central);Fri Nov 06 2026 20:11:00 GMT+0100 (hora estándar de Europa central)
2;46255;114;71;111;6;Tue Nov 04 2025 10:26:00 GMT+0100 (hora estándar de Europa central);Wed Nov 05 2025 11:41:00 GMT+0100 (hora estándar de Europa central);Mon Nov 03 2025 19:56:00 GMT+0100 (hora estándar de Europa central);Thu Nov 05 2026 11:37:00 GMT+0100 (hora estándar de Europa central)
1;46233;114;71;209;5;Mon Nov 03 2025 09:56:00 GMT+0100 (hora estándar de Europa central);Wed Nov 05 2025 10:58:00 GMT+0100 (hora estándar de Europa central);Fri Oct 31 2025 18:30:00 GMT+0100 (hora estándar de Europa central);Tue Nov 03 2026 20:38:00 GMT+0100 (hora estándar de Europa central)
4;47187;71|72;72;200;2;Sat Jun 13 2026 09:48:00 GMT+0200 (hora de verano de Europa central);Sun Jun 14 2026 19:15:00 GMT+0200 (hora de verano de Europa central);Sat Jun 13 2026 05:52:00 GMT+0200 (hora de verano de Europa central);Sat Jun 13 2026 09:39:00 GMT+0200 (hora de verano de Europa central)
2;47220;114;71|117;28;3;Sat Jun 13 2026 06:20:00 GMT+0200 (hora de verano de Europa central);Sat Jun 13 2026 10:43:00 GMT+0200 (hora de verano de Europa central);Sat Jun 13 2026 05:55:00 GMT+0200 (hora de verano de Europa central);Sat Jun 13 2026 07:09:00 GMT+0200 (hora de verano de Europa central)
1;47177;114;99;47;2;Fri Jun 12 2026 18:19:00 GMT+0200 (hora de verano de Europa central);Sat Jun 13 2026 10:39:00 GMT+0200 (hora de verano de Europa central);Fri Jun 12 2026 11:13:00 GMT+0200 (hora de verano de Europa central);Fri Jun 12 2026 18:17:00 GMT+0200 (hora de verano de Europa central)
4;47156;71|72;71;112;4;Fri Jun 12 2026 14:59:00 GMT+0200 (hora de verano de Europa central);Sat Jun 13 2026 09:37:00 GMT+0200 (hora de verano de Europa central);Fri Jun 12 2026 11:13:00 GMT+0200 (hora de verano de Europa central);Sat Jun 13 2026 10:37:00 GMT+0200 (hora de verano de Europa central)
2;47188;114;117;51;3;Fri Jun 12 2026 13:00:00 GMT+0200 (hora de verano de Europa central);Sat Jun 13 2026 06:11:00 GMT+0200 (hora de verano de Europa central);Fri Jun 12 2026 08:30:00 GMT+0200 (hora de verano de Europa central);Sat Jun 13 2026 06:13:00 GMT+0200 (hora de verano de Europa central)
1;47178;114;99;127;4;Thu Jun 11 2026 13:39:00 GMT+0200 (hora de verano de Europa central);Fri Jun 12 2026 18:10:00 GMT+0200 (hora de verano de Europa central);Thu Jun 11 2026 11:33:00 GMT+0200 (hora de verano de Europa central);Fri Jun 12 2026 10:18:00 GMT+0200 (hora de verano de Europa central)
4;47130;71|72|78;71;155;4;Thu Jun 11 2026 12:56:00 GMT+0200 (hora de verano de Europa central);Fri Jun 12 2026 14:48:00 GMT+0200 (hora de verano de Europa central);Thu Jun 11 2026 11:31:00 GMT+0200 (hora de verano de Europa central);Fri Jun 12 2026 08:26:00 GMT+0200 (hora de verano de Europa central)
2;47080;114;71;409;4;Mon Jun 08 2026 12:48:00 GMT+0200 (hora de verano de Europa central);Fri Jun 12 2026 12:50:00 GMT+0200 (hora de verano de Europa central);Sat Jun 06 2026 09:58:00 GMT+0200 (hora de verano de Europa central);Tue Jun 09 2026 13:13:00 GMT+0200 (hora de verano de Europa central)
1;47101;114;71;246;4;Mon Jun 08 2026 18:47:00 GMT+0200 (hora de verano de Europa central);Thu Jun 11 2026 13:28:00 GMT+0200 (hora de verano de Europa central);Mon Jun 08 2026 16:42:00 GMT+0200 (hora de verano de Europa central);Tue Jun 09 2026 17:45:00 GMT+0200 (hora de verano de Europa central)
4;47186;71|72|78;71|72;262;4;Tue Jun 09 2026 16:53:00 GMT+0200 (hora de verano de Europa central);Thu Jun 11 2026 12:46:00 GMT+0200 (hora de verano de Europa central);Tue Jun 09 2026 07:05:00 GMT+0200 (hora de verano de Europa central);Wed Jun 10 2026 11:05:00 GMT+0200 (hora de verano de Europa central)
4;47092;71|72;72;367;4;Sat Jun 06 2026 05:02:00 GMT+0200 (hora de verano de Europa central);Mon Jun 08 2026 18:33:00 GMT+0200 (hora de verano de Europa central);Fri Jun 05 2026 16:10:00 GMT+0200 (hora de verano de Europa central);Mon Jun 08 2026 11:07:00 GMT+0200 (hora de verano de Europa central)
1;47141;114;71;234;3;Fri Jun 05 2026 05:25:00 GMT+0200 (hora de verano de Europa central);Mon Jun 08 2026 18:23:00 GMT+0200 (hora de verano de Europa central);Fri Jun 05 2026 05:15:00 GMT+0200 (hora de verano de Europa central);Sat Jun 06 2026 06:33:00 GMT+0200 (hora de verano de Europa central)
2;47170;114;71;90;4;Sat Jun 06 2026 05:39:00 GMT+0200 (hora de verano de Europa central);Mon Jun 08 2026 12:37:00 GMT+0200 (hora de verano de Europa central);Fri Jun 05 2026 16:11:00 GMT+0200 (hora de verano de Europa central);Mon Jun 08 2026 15:26:00 GMT+0200 (hora de verano de Europa central)
4;46860;71|72;71;125;3;Fri Jun 05 2026 08:01:00 GMT+0200 (hora de verano de Europa central);Sat Jun 06 2026 04:52:00 GMT+0200 (hora de verano de Europa central);Fri Jun 05 2026 07:58:00 GMT+0200 (hora de verano de Europa central);Mon Jun 08 2026 08:48:00 GMT+0200 (hora de verano de Europa central)
2;47159;114;71;94;4;Fri Jun 05 2026 06:52:00 GMT+0200 (hora de verano de Europa central);Sat Jun 06 2026 05:29:00 GMT+0200 (hora de verano de Europa central);Thu Jun 04 2026 10:30:00 GMT+0200 (hora de verano de Europa central);Sat Jun 06 2026 07:03:00 GMT+0200 (hora de verano de Europa central)
1;47171;114;71;66;5;Thu Jun 04 2026 11:28:00 GMT+0200 (hora de verano de Europa central);Fri Jun 05 2026 05:15:00 GMT+0200 (hora de verano de Europa central);Wed Jun 03 2026 19:33:00 GMT+0200 (hora de verano de Europa central);Fri Jun 05 2026 15:37:00 GMT+0200 (hora de verano de Europa central)
2;47166;114;71;84;4;Thu Jun 04 2026 09:28:00 GMT+0200 (hora de verano de Europa central);Fri Jun 05 2026 06:43:00 GMT+0200 (hora de verano de Europa central);Wed Jun 03 2026 19:33:00 GMT+0200 (hora de verano de Europa central);Fri Jun 05 2026 11:37:00 GMT+0200 (hora de verano de Europa central)
3;47048;71;72;210;3;Wed Jun 03 2026 10:56:00 GMT+0200 (hora de verano de Europa central);Fri Jun 05 2026 10:45:00 GMT+0200 (hora de verano de Europa central);Wed Jun 03 2026 09:09:00 GMT+0200 (hora de verano de Europa central);Thu Jun 04 2026 05:06:00 GMT+0200 (hora de verano de Europa central)
1;46504;114;;213;9;Tue Jun 02 2026 10:26:00 GMT+0200 (hora de verano de Europa central);Thu Jun 04 2026 11:18:00 GMT+0200 (hora de verano de Europa central);Tue Jun 02 2026 10:22:00 GMT+0200 (hora de verano de Europa central);Wed Jun 03 2026 15:48:00 GMT+0200 (hora de verano de Europa central)
2;47143;114;71;85;4;Wed Jun 03 2026 11:43:00 GMT+0200 (hora de verano de Europa central);Thu Jun 04 2026 09:16:00 GMT+0200 (hora de verano de Europa central);Wed Jun 03 2026 09:09:00 GMT+0200 (hora de verano de Europa central);Thu Jun 04 2026 09:58:00 GMT+0200 (hora de verano de Europa central)
2;47135;114;71;175;4;Mon Jun 01 2026 11:31:00 GMT+0200 (hora de verano de Europa central);Wed Jun 03 2026 11:33:00 GMT+0200 (hora de verano de Europa central);Sat May 30 2026 06:58:00 GMT+0200 (hora de verano de Europa central);Wed Jun 03 2026 07:11:00 GMT+0200 (hora de verano de Europa central)
1;47139;114;73;135;5;Thu May 28 2026 19:17:00 GMT+0200 (hora de verano de Europa central);Tue Jun 02 2026 10:16:00 GMT+0200 (hora de verano de Europa central);Wed May 27 2026 15:19:00 GMT+0200 (hora de verano de Europa central);Fri May 29 2026 15:17:00 GMT+0200 (hora de verano de Europa central)
2;47109;114;71;88;4;Fri May 29 2026 19:27:00 GMT+0200 (hora de verano de Europa central);Mon Jun 01 2026 11:20:00 GMT+0200 (hora de verano de Europa central);Fri May 29 2026 11:00:00 GMT+0200 (hora de verano de Europa central);Tue Jun 02 2026 04:48:00 GMT+0200 (hora de verano de Europa central)
2;47103;114;71;335;4;Tue May 26 2026 14:18:00 GMT+0200 (hora de verano de Europa central);Fri May 29 2026 19:18:00 GMT+0200 (hora de verano de Europa central);Tue May 26 2026 10:22:00 GMT+0200 (hora de verano de Europa central);Wed May 27 2026 12:39:00 GMT+0200 (hora de verano de Europa central)
3;47117;71|72;71;94;4;Wed May 27 2026 18:41:00 GMT+0200 (hora de verano de Europa central);Thu May 28 2026 16:56:00 GMT+0200 (hora de verano de Europa central);Wed May 27 2026 15:22:00 GMT+0200 (hora de verano de Europa central);Fri May 29 2026 10:03:00 GMT+0200 (hora de verano de Europa central)
1;47053;114;117;225;5;Tue May 26 2026 15:23:00 GMT+0200 (hora de verano de Europa central);Thu May 28 2026 19:12:00 GMT+0200 (hora de verano de Europa central);Tue May 26 2026 10:24:00 GMT+0200 (hora de verano de Europa central);Wed May 27 2026 13:26:00 GMT+0200 (hora de verano de Europa central)
3;47136;72;73;219;4;Mon May 25 2026 17:11:00 GMT+0200 (hora de verano de Europa central);Wed May 27 2026 18:32:00 GMT+0200 (hora de verano de Europa central);Mon May 25 2026 14:59:00 GMT+0200 (hora de verano de Europa central);Tue May 26 2026 13:20:00 GMT+0200 (hora de verano de Europa central)
4;47047;71|73;71;161;4;Tue May 26 2026 13:35:00 GMT+0200 (hora de verano de Europa central);Wed May 27 2026 16:29:00 GMT+0200 (hora de verano de Europa central);Tue May 26 2026 10:22:00 GMT+0200 (hora de verano de Europa central);Wed May 27 2026 09:50:00 GMT+0200 (hora de verano de Europa central)
4;46821;71|72|73;73;117;4;Mon May 25 2026 17:56:00 GMT+0200 (hora de verano de Europa central);Tue May 26 2026 13:26:00 GMT+0200 (hora de verano de Europa central);Mon May 25 2026 14:57:00 GMT+0200 (hora de verano de Europa central);Tue May 26 2026 17:48:00 GMT+0200 (hora de verano de Europa central)
2;47037;114;71;91;4;Mon May 25 2026 16:04:00 GMT+0200 (hora de verano de Europa central);Tue May 26 2026 14:08:00 GMT+0200 (hora de verano de Europa central);Mon May 25 2026 14:59:00 GMT+0200 (hora de verano de Europa central);Tue May 26 2026 17:12:00 GMT+0200 (hora de verano de Europa central)
1;47137;114;73;126;5;Mon May 25 2026 18:44:00 GMT+0200 (hora de verano de Europa central);Tue May 26 2026 15:14:00 GMT+0200 (hora de verano de Europa central);Mon May 25 2026 15:00:00 GMT+0200 (hora de verano de Europa central);Tue May 26 2026 16:36:00 GMT+0200 (hora de verano de Europa central)
4;47105;71|72|73;72|73;498;4;Fri May 22 2026 06:15:00 GMT+0200 (hora de verano de Europa central);Mon May 25 2026 17:45:00 GMT+0200 (hora de verano de Europa central);Thu May 21 2026 13:13:00 GMT+0200 (hora de verano de Europa central);Fri May 22 2026 18:08:00 GMT+0200 (hora de verano de Europa central)
3;47115;71|72;71;150;4;Fri May 22 2026 09:33:00 GMT+0200 (hora de verano de Europa central);Mon May 25 2026 17:00:00 GMT+0200 (hora de verano de Europa central);Thu May 21 2026 19:33:00 GMT+0200 (hora de verano de Europa central);Mon May 25 2026 11:31:00 GMT+0200 (hora de verano de Europa central)
2;47034;114;71;158;4;Fri May 22 2026 06:50:00 GMT+0200 (hora de verano de Europa central);Mon May 25 2026 15:55:00 GMT+0200 (hora de verano de Europa central);Thu May 21 2026 19:33:00 GMT+0200 (hora de verano de Europa central);Mon May 25 2026 10:31:00 GMT+0200 (hora de verano de Europa central)
4;45440;71|73|114;114;148;4;Thu May 21 2026 05:21:00 GMT+0200 (hora de verano de Europa central);Fri May 22 2026 06:03:00 GMT+0200 (hora de verano de Europa central);Wed May 20 2026 11:48:00 GMT+0200 (hora de verano de Europa central);Fri May 22 2026 10:43:00 GMT+0200 (hora de verano de Europa central)
3;47084;71|76;71;234;4;Wed May 20 2026 05:16:00 GMT+0200 (hora de verano de Europa central);Fri May 22 2026 09:22:00 GMT+0200 (hora de verano de Europa central);Tue May 19 2026 10:05:00 GMT+0200 (hora de verano de Europa central);Thu May 21 2026 07:18:00 GMT+0200 (hora de verano de Europa central)
1;47094;114;71;219;4;Wed May 20 2026 06:30:00 GMT+0200 (hora de verano de Europa central);Fri May 22 2026 08:52:00 GMT+0200 (hora de verano de Europa central);Tue May 19 2026 19:40:00 GMT+0200 (hora de verano de Europa central);Thu May 21 2026 08:37:00 GMT+0200 (hora de verano de Europa central)
2;47058;114;71;407;4;Mon May 18 2026 05:54:00 GMT+0200 (hora de verano de Europa central);Fri May 22 2026 06:41:00 GMT+0200 (hora de verano de Europa central);Fri May 15 2026 19:41:00 GMT+0200 (hora de verano de Europa central);Tue May 19 2026 05:26:00 GMT+0200 (hora de verano de Europa central)
4;46449;71|73;71;285;8;Thu Dec 18 2025 10:50:00 GMT+0100 (hora estándar de Europa central);Wed May 20 2026 07:52:00 GMT+0200 (hora de verano de Europa central);Wed Dec 17 2025 19:59:00 GMT+0100 (hora estándar de Europa central);Tue May 19 2026 16:07:00 GMT+0200 (hora de verano de Europa central)
1;47078;114;71;211;4;Mon May 18 2026 05:10:00 GMT+0200 (hora de verano de Europa central);Wed May 20 2026 06:20:00 GMT+0200 (hora de verano de Europa central);Fri May 15 2026 19:40:00 GMT+0200 (hora de verano de Europa central);Mon May 18 2026 16:10:00 GMT+0200 (hora de verano de Europa central)
3;47081;71|138;71;96;4;Mon May 18 2026 08:56:00 GMT+0200 (hora de verano de Europa central);Tue May 19 2026 07:48:00 GMT+0200 (hora de verano de Europa central);Fri May 15 2026 19:41:00 GMT+0200 (hora de verano de Europa central);Tue May 19 2026 09:31:00 GMT+0200 (hora de verano de Europa central)
2;47000;114;71;113;5;Fri May 15 2026 03:39:00 GMT+0200 (hora de verano de Europa central);Mon May 18 2026 05:44:00 GMT+0200 (hora de verano de Europa central);Fri May 15 2026 00:07:00 GMT+0200 (hora de verano de Europa central);Mon May 18 2026 10:45:00 GMT+0200 (hora de verano de Europa central)
1;47090;114;71;116;6;Fri May 15 2026 03:27:00 GMT+0200 (hora de verano de Europa central);Mon May 18 2026 05:00:00 GMT+0200 (hora de verano de Europa central);Fri May 15 2026 00:07:00 GMT+0200 (hora de verano de Europa central);Mon May 18 2026 10:09:00 GMT+0200 (hora de verano de Europa central)
4;47064;71|73;71;470;5;Fri May 15 2026 02:29:00 GMT+0200 (hora de verano de Europa central);Mon May 18 2026 09:18:00 GMT+0200 (hora de verano de Europa central);Fri May 15 2026 00:05:00 GMT+0200 (hora de verano de Europa central);Mon May 18 2026 06:50:00 GMT+0200 (hora de verano de Europa central)
3;47060;72|76|138;71;232;5;Thu May 14 2026 01:53:00 GMT+0200 (hora de verano de Europa central);Mon May 18 2026 08:46:00 GMT+0200 (hora de verano de Europa central);Wed May 13 2026 23:13:00 GMT+0200 (hora de verano de Europa central);Thu May 14 2026 22:31:00 GMT+0200 (hora de verano de Europa central)
2;46811;114;71;345;5;Tue May 12 2026 01:23:00 GMT+0200 (hora de verano de Europa central);Fri May 15 2026 03:29:00 GMT+0200 (hora de verano de Europa central);Mon May 11 2026 19:26:00 GMT+0200 (hora de verano de Europa central);Tue May 12 2026 21:59:00 GMT+0200 (hora de verano de Europa central)
1;47032;114;71;226;7;Wed May 13 2026 04:19:00 GMT+0200 (hora de verano de Europa central);Fri May 15 2026 03:19:00 GMT+0200 (hora de verano de Europa central);Wed May 13 2026 02:16:00 GMT+0200 (hora de verano de Europa central);Wed May 13 2026 21:06:00 GMT+0200 (hora de verano de Europa central)
4;45399;71|73;73;150;5;Thu May 14 2026 01:16:00 GMT+0200 (hora de verano de Europa central);Fri May 15 2026 02:18:00 GMT+0200 (hora de verano de Europa central);Wed May 13 2026 23:14:00 GMT+0200 (hora de verano de Europa central);Thu May 14 2026 20:48:00 GMT+0200 (hora de verano de Europa central)
3;46937;72|73;73;158;5;Tue May 12 2026 23:30:00 GMT+0200 (hora de verano de Europa central);Thu May 14 2026 01:44:00 GMT+0200 (hora de verano de Europa central);Tue May 12 2026 19:26:00 GMT+0200 (hora de verano de Europa central);Wed May 13 2026 18:59:00 GMT+0200 (hora de verano de Europa central)
4;47051;71|73;71;128;5;Wed May 13 2026 03:46:00 GMT+0200 (hora de verano de Europa central);Thu May 14 2026 01:07:00 GMT+0200 (hora de verano de Europa central);Wed May 13 2026 02:14:00 GMT+0200 (hora de verano de Europa central);Wed May 13 2026 19:00:00 GMT+0200 (hora de verano de Europa central)
1;47042;114;71;158;5;Tue May 12 2026 01:42:00 GMT+0200 (hora de verano de Europa central);Wed May 13 2026 04:10:00 GMT+0200 (hora de verano de Europa central);Mon May 11 2026 19:26:00 GMT+0200 (hora de verano de Europa central);Tue May 12 2026 23:03:00 GMT+0200 (hora de verano de Europa central)
3;47046;71|72;71;129;4;Tue May 12 2026 00:53:00 GMT+0200 (hora de verano de Europa central);Tue May 12 2026 23:21:00 GMT+0200 (hora de verano de Europa central);Mon May 11 2026 19:25:00 GMT+0200 (hora de verano de Europa central);Wed May 13 2026 00:15:00 GMT+0200 (hora de verano de Europa central)
4;46942;71|72|114;71|72;121;5;Mon May 11 2026 03:52:00 GMT+0200 (hora de verano de Europa central);Tue May 12 2026 00:01:00 GMT+0200 (hora de verano de Europa central);Mon May 11 2026 01:17:00 GMT+0200 (hora de verano de Europa central);Tue May 12 2026 15:25:00 GMT+0200 (hora de verano de Europa central)
1;46995;114;71;248;5;Fri May 08 2026 03:04:00 GMT+0200 (hora de verano de Europa central);Tue May 12 2026 01:31:00 GMT+0200 (hora de verano de Europa central);Fri May 08 2026 00:41:00 GMT+0200 (hora de verano de Europa central);Sun May 10 2026 23:03:00 GMT+0200 (hora de verano de Europa central)
2;47002;114;71;384;5;Thu May 07 2026 00:52:00 GMT+0200 (hora de verano de Europa central);Tue May 12 2026 01:15:00 GMT+0200 (hora de verano de Europa central);Wed May 06 2026 13:28:00 GMT+0200 (hora de verano de Europa central);Sun May 10 2026 23:03:00 GMT+0200 (hora de verano de Europa central)
4;47006;71|72|114;71;466;4;Thu May 07 2026 21:33:00 GMT+0200 (hora de verano de Europa central);Mon May 11 2026 03:42:00 GMT+0200 (hora de verano de Europa central);Thu May 07 2026 19:40:00 GMT+0200 (hora de verano de Europa central);Sun May 10 2026 23:06:00 GMT+0200 (hora de verano de Europa central)
3;46986;71|114;71;377;4;Mon May 04 2026 22:15:00 GMT+0200 (hora de verano de Europa central);Fri May 08 2026 03:27:00 GMT+0200 (hora de verano de Europa central);Mon May 04 2026 19:33:00 GMT+0200 (hora de verano de Europa central);Tue May 05 2026 20:47:00 GMT+0200 (hora de verano de Europa central)
1;44116;114;85;244;5;Wed May 06 2026 03:52:00 GMT+0200 (hora de verano de Europa central);Fri May 08 2026 02:54:00 GMT+0200 (hora de verano de Europa central);Tue May 05 2026 21:57:00 GMT+0200 (hora de verano de Europa central);Wed May 06 2026 21:00:00 GMT+0200 (hora de verano de Europa central)
2;46969;114;71;88;3;Wed May 06 2026 10:35:00 GMT+0200 (hora de verano de Europa central);Thu May 07 2026 00:42:00 GMT+0200 (hora de verano de Europa central);Tue May 05 2026 21:56:00 GMT+0200 (hora de verano de Europa central);Thu May 07 2026 16:57:00 GMT+0200 (hora de verano de Europa central)
2;46844;114;71;648;4;Tue Apr 21 2026 00:50:00 GMT+0200 (hora de verano de Europa central);Wed May 06 2026 10:28:00 GMT+0200 (hora de verano de Europa central);Mon Apr 20 2026 19:26:00 GMT+0200 (hora de verano de Europa central);Tue Apr 21 2026 22:16:00 GMT+0200 (hora de verano de Europa central)
1;46822;114;73;141;6;Tue May 05 2026 03:46:00 GMT+0200 (hora de verano de Europa central);Wed May 06 2026 03:43:00 GMT+0200 (hora de verano de Europa central);Mon May 04 2026 21:03:00 GMT+0200 (hora de verano de Europa central);Tue May 05 2026 19:23:00 GMT+0200 (hora de verano de Europa central)
1;46938;114;73;516;4;Mon Apr 27 2026 03:44:00 GMT+0200 (hora de verano de Europa central);Tue May 05 2026 03:37:00 GMT+0200 (hora de verano de Europa central);Mon Apr 27 2026 02:09:00 GMT+0200 (hora de verano de Europa central);Mon Apr 27 2026 21:55:00 GMT+0200 (hora de verano de Europa central)
4;46999;71|73;71;714;5;Thu Apr 30 2026 00:20:00 GMT+0200 (hora de verano de Europa central);Tue May 05 2026 00:08:00 GMT+0200 (hora de verano de Europa central);Wed Apr 29 2026 22:08:00 GMT+0200 (hora de verano de Europa central);Thu Apr 30 2026 19:49:00 GMT+0200 (hora de verano de Europa central)
3;46994;71|73;71;255;3;Wed Apr 29 2026 01:02:00 GMT+0200 (hora de verano de Europa central);Mon May 04 2026 03:13:00 GMT+0200 (hora de verano de Europa central);Wed Apr 29 2026 00:58:00 GMT+0200 (hora de verano de Europa central);Wed Apr 29 2026 19:23:00 GMT+0200 (hora de verano de Europa central)
4;46955;71|72;71;132;4;Wed Apr 29 2026 02:09:00 GMT+0200 (hora de verano de Europa central);Thu Apr 30 2026 00:09:00 GMT+0200 (hora de verano de Europa central);Tue Apr 28 2026 19:25:00 GMT+0200 (hora de verano de Europa central);Wed Apr 29 2026 19:25:00 GMT+0200 (hora de verano de Europa central)
3;46967;73;71;7;2;Tue Apr 28 2026 23:54:00 GMT+0200 (hora de verano de Europa central);Wed Apr 29 2026 00:54:00 GMT+0200 (hora de verano de Europa central);Tue Apr 28 2026 19:23:00 GMT+0200 (hora de verano de Europa central);Tue Apr 28 2026 23:49:00 GMT+0200 (hora de verano de Europa central)
3;46974;71|73;71;252;4;Sun Apr 26 2026 22:01:00 GMT+0200 (hora de verano de Europa central);Tue Apr 28 2026 23:45:00 GMT+0200 (hora de verano de Europa central);Fri Apr 24 2026 02:15:00 GMT+0200 (hora de verano de Europa central);Mon Apr 27 2026 21:15:00 GMT+0200 (hora de verano de Europa central)
3;46947;71|114;71;149;3;Thu Apr 23 2026 21:22:00 GMT+0200 (hora de verano de Europa central);Sun Apr 26 2026 21:51:00 GMT+0200 (hora de verano de Europa central);Thu Apr 23 2026 21:15:00 GMT+0200 (hora de verano de Europa central);Mon Apr 27 2026 15:26:00 GMT+0200 (hora de verano de Europa central)
1;46970;114;71;189;4;Thu Apr 23 2026 22:10:00 GMT+0200 (hora de verano de Europa central);Mon Apr 27 2026 03:33:00 GMT+0200 (hora de verano de Europa central);Thu Apr 23 2026 19:33:00 GMT+0200 (hora de verano de Europa central);Sun Apr 26 2026 23:14:00 GMT+0200 (hora de verano de Europa central)
1;46890;114;71;86;4;Wed Apr 22 2026 21:38:00 GMT+0200 (hora de verano de Europa central);Thu Apr 23 2026 22:00:00 GMT+0200 (hora de verano de Europa central);Wed Apr 22 2026 19:40:00 GMT+0200 (hora de verano de Europa central);Fri Apr 24 2026 01:46:00 GMT+0200 (hora de verano de Europa central)
1;46958;114;71;117;6;Wed Apr 22 2026 03:11:00 GMT+0200 (hora de verano de Europa central);Wed Apr 22 2026 21:29:00 GMT+0200 (hora de verano de Europa central);Wed Apr 22 2026 01:21:00 GMT+0200 (hora de verano de Europa central);Thu Apr 23 2026 14:18:00 GMT+0200 (hora de verano de Europa central)
1;46775;114;71;157;5;Tue Apr 21 2026 01:12:00 GMT+0200 (hora de verano de Europa central);Wed Apr 22 2026 03:00:00 GMT+0200 (hora de verano de Europa central);Mon Apr 20 2026 19:25:00 GMT+0200 (hora de verano de Europa central);Tue Apr 21 2026 21:14:00 GMT+0200 (hora de verano de Europa central)
3;46830;71|80;;309;4;Sun Apr 19 2026 21:57:00 GMT+0200 (hora de verano de Europa central);Wed Apr 22 2026 01:14:00 GMT+0200 (hora de verano de Europa central);Fri Apr 17 2026 19:37:00 GMT+0200 (hora de verano de Europa central);Mon Apr 20 2026 22:07:00 GMT+0200 (hora de verano de Europa central)
1;46884;114;71;241;7;Fri Apr 17 2026 01:28:00 GMT+0200 (hora de verano de Europa central);Tue Apr 21 2026 01:01:00 GMT+0200 (hora de verano de Europa central);Thu Apr 16 2026 23:30:00 GMT+0200 (hora de verano de Europa central);Mon Apr 20 2026 01:15:00 GMT+0200 (hora de verano de Europa central)
2;46918;114;71;462;4;Wed Apr 15 2026 22:25:00 GMT+0200 (hora de verano de Europa central);Tue Apr 21 2026 00:41:00 GMT+0200 (hora de verano de Europa central);Wed Apr 15 2026 19:22:00 GMT+0200 (hora de verano de Europa central);Thu Apr 16 2026 19:29:00 GMT+0200 (hora de verano de Europa central)
3;46757;71|80|114;71;450;4;Fri Apr 10 2026 21:53:00 GMT+0200 (hora de verano de Europa central);Fri Apr 17 2026 02:32:00 GMT+0200 (hora de verano de Europa central);Fri Apr 10 2026 19:37:00 GMT+0200 (hora de verano de Europa central);Tue Apr 14 2026 17:55:00 GMT+0200 (hora de verano de Europa central)
1;46706;114;71;121;4;Wed Apr 15 2026 21:52:00 GMT+0200 (hora de verano de Europa central);Fri Apr 17 2026 01:17:00 GMT+0200 (hora de verano de Europa central);Wed Apr 15 2026 19:19:00 GMT+0200 (hora de verano de Europa central);Thu Apr 16 2026 19:27:00 GMT+0200 (hora de verano de Europa central)
1;46888;114;71;75;4;Wed Apr 15 2026 01:50:00 GMT+0200 (hora de verano de Europa central);Wed Apr 15 2026 21:41:00 GMT+0200 (hora de verano de Europa central);Tue Apr 14 2026 19:40:00 GMT+0200 (hora de verano de Europa central);Thu Apr 16 2026 02:44:00 GMT+0200 (hora de verano de Europa central)
2;46835;114;72|73;78;4;Wed Apr 15 2026 01:44:00 GMT+0200 (hora de verano de Europa central);Wed Apr 15 2026 22:15:00 GMT+0200 (hora de verano de Europa central);Tue Apr 14 2026 19:41:00 GMT+0200 (hora de verano de Europa central);Thu Apr 16 2026 02:10:00 GMT+0200 (hora de verano de Europa central)
1;46891;114;71;148;4;Sat Apr 11 2026 02:15:00 GMT+0200 (hora de verano de Europa central);Wed Apr 15 2026 01:39:00 GMT+0200 (hora de verano de Europa central);Fri Apr 10 2026 19:33:00 GMT+0200 (hora de verano de Europa central);Tue Apr 14 2026 17:52:00 GMT+0200 (hora de verano de Europa central)
2;46892;114;71;156;4;Sat Apr 11 2026 00:28:00 GMT+0200 (hora de verano de Europa central);Wed Apr 15 2026 01:33:00 GMT+0200 (hora de verano de Europa central);Fri Apr 10 2026 19:34:00 GMT+0200 (hora de verano de Europa central);Tue Apr 14 2026 17:53:00 GMT+0200 (hora de verano de Europa central)
1;46868;114;71;255;4;Thu Apr 09 2026 03:52:00 GMT+0200 (hora de verano de Europa central);Sat Apr 11 2026 02:04:00 GMT+0200 (hora de verano de Europa central);Thu Apr 09 2026 03:00:00 GMT+0200 (hora de verano de Europa central);Thu Apr 09 2026 21:56:00 GMT+0200 (hora de verano de Europa central)
2;46889;114;71;172;4;Thu Apr 09 2026 05:02:00 GMT+0200 (hora de verano de Europa central);Fri Apr 10 2026 23:46:00 GMT+0200 (hora de verano de Europa central);Thu Apr 09 2026 02:04:00 GMT+0200 (hora de verano de Europa central);Fri Apr 10 2026 17:59:00 GMT+0200 (hora de verano de Europa central)
3;46874;71|78|107|114|138;71;287;4;Thu Apr 09 2026 00:13:00 GMT+0200 (hora de verano de Europa central);Fri Apr 10 2026 21:44:00 GMT+0200 (hora de verano de Europa central);Wed Apr 08 2026 19:26:00 GMT+0200 (hora de verano de Europa central);Thu Apr 09 2026 21:57:00 GMT+0200 (hora de verano de Europa central)
1;46842;114;71;149;6;Wed Apr 08 2026 02:48:00 GMT+0200 (hora de verano de Europa central);Thu Apr 09 2026 03:43:00 GMT+0200 (hora de verano de Europa central);Tue Apr 07 2026 19:41:00 GMT+0200 (hora de verano de Europa central);Thu Apr 09 2026 02:37:00 GMT+0200 (hora de verano de Europa central)
3;46863;78|107|114|139;71;394;3;Mon Mar 30 2026 22:33:00 GMT+0200 (hora de verano de Europa central);Thu Apr 09 2026 00:02:00 GMT+0200 (hora de verano de Europa central);Mon Mar 30 2026 22:11:00 GMT+0200 (hora de verano de Europa central);Tue Mar 31 2026 17:30:00 GMT+0200 (hora de verano de Europa central)
1;46460;114;71|72;427;4;Fri Mar 27 2026 01:32:00 GMT+0100 (hora estándar de Europa central);Wed Apr 08 2026 02:39:00 GMT+0200 (hora de verano de Europa central);Thu Mar 26 2026 22:37:00 GMT+0100 (hora estándar de Europa central);Fri Mar 27 2026 22:45:00 GMT+0100 (hora estándar de Europa central)
4;46850;71|72;71;1014;4;Tue Mar 31 2026 23:34:00 GMT+0200 (hora de verano de Europa central);Wed Apr 08 2026 01:47:00 GMT+0200 (hora de verano de Europa central);Tue Mar 31 2026 19:26:00 GMT+0200 (hora de verano de Europa central);Wed Apr 01 2026 17:15:00 GMT+0200 (hora de verano de Europa central)
2;46841;114;71;159;4;Tue Mar 31 2026 20:51:00 GMT+0200 (hora de verano de Europa central);Tue Apr 07 2026 21:07:00 GMT+0200 (hora de verano de Europa central);Tue Mar 31 2026 19:26:00 GMT+0200 (hora de verano de Europa central);Wed Apr 01 2026 17:15:00 GMT+0200 (hora de verano de Europa central)
2;46852;114;71;94;4;Tue Mar 31 2026 03:04:00 GMT+0200 (hora de verano de Europa central);Tue Mar 31 2026 20:41:00 GMT+0200 (hora de verano de Europa central);Tue Mar 31 2026 03:02:00 GMT+0200 (hora de verano de Europa central);Wed Apr 01 2026 00:44:00 GMT+0200 (hora de verano de Europa central)
4;46851;71|72;71;137;4;Mon Mar 30 2026 23:31:00 GMT+0200 (hora de verano de Europa central);Tue Mar 31 2026 23:23:00 GMT+0200 (hora de verano de Europa central);Mon Mar 30 2026 23:26:00 GMT+0200 (hora de verano de Europa central);Tue Mar 31 2026 17:30:00 GMT+0200 (hora de verano de Europa central)
3;46847;107;71;128;5;Sun Mar 29 2026 21:30:00 GMT+0200 (hora de verano de Europa central);Mon Mar 30 2026 21:42:00 GMT+0200 (hora de verano de Europa central);Sat Mar 28 2026 00:23:00 GMT+0100 (hora estándar de Europa central);Tue Mar 31 2026 05:25:00 GMT+0200 (hora de verano de Europa central)
2;46684;114;72;154;4;Sat Mar 28 2026 04:06:00 GMT+0100 (hora estándar de Europa central);Tue Mar 31 2026 02:55:00 GMT+0200 (hora de verano de Europa central);Sat Mar 28 2026 02:46:00 GMT+0100 (hora estándar de Europa central);Mon Mar 30 2026 16:17:00 GMT+0200 (hora de verano de Europa central)
4;46768;71|72;71;425;4;Sat Mar 28 2026 01:06:00 GMT+0100 (hora estándar de Europa central);Mon Mar 30 2026 23:22:00 GMT+0200 (hora de verano de Europa central);Sat Mar 28 2026 00:23:00 GMT+0100 (hora estándar de Europa central);Mon Mar 30 2026 16:18:00 GMT+0200 (hora de verano de Europa central)
3;46806;71|107;71;1025;8;Mon Mar 16 2026 22:41:00 GMT+0100 (hora estándar de Europa central);Sun Mar 29 2026 21:21:00 GMT+0200 (hora de verano de Europa central);Mon Mar 16 2026 02:54:00 GMT+0100 (hora estándar de Europa central);Thu Mar 26 2026 00:29:00 GMT+0100 (hora estándar de Europa central)
2;46717;114;71;151;4;Fri Mar 27 2026 03:49:00 GMT+0100 (hora estándar de Europa central);Sat Mar 28 2026 03:57:00 GMT+0100 (hora estándar de Europa central);Thu Mar 26 2026 22:40:00 GMT+0100 (hora estándar de Europa central);Sat Mar 28 2026 00:16:00 GMT+0100 (hora estándar de Europa central)
2;46832;114;73;149;4;Thu Mar 26 2026 02:00:00 GMT+0100 (hora estándar de Europa central);Fri Mar 27 2026 03:40:00 GMT+0100 (hora estándar de Europa central);Thu Mar 26 2026 01:52:00 GMT+0100 (hora estándar de Europa central);Thu Mar 26 2026 20:27:00 GMT+0100 (hora estándar de Europa central)
4;46800;71|72;71;161;5;Wed Mar 25 2026 22:30:00 GMT+0100 (hora estándar de Europa central);Fri Mar 27 2026 01:24:00 GMT+0100 (hora estándar de Europa central);Wed Mar 25 2026 03:43:00 GMT+0100 (hora estándar de Europa central);Thu Mar 26 2026 20:30:00 GMT+0100 (hora estándar de Europa central)
1;46834;114;73;224;5;Tue Mar 24 2026 22:23:00 GMT+0100 (hora estándar de Europa central);Fri Mar 27 2026 01:23:00 GMT+0100 (hora estándar de Europa central);Tue Mar 24 2026 20:26:00 GMT+0100 (hora estándar de Europa central);Wed Mar 25 2026 23:20:00 GMT+0100 (hora estándar de Europa central)
2;46751;114;71;214;4;Tue Mar 24 2026 00:26:00 GMT+0100 (hora estándar de Europa central);Thu Mar 26 2026 01:51:00 GMT+0100 (hora estándar de Europa central);Mon Mar 23 2026 20:26:00 GMT+0100 (hora estándar de Europa central);Wed Mar 25 2026 00:46:00 GMT+0100 (hora estándar de Europa central)
3;46809;71|72|73;71;153;12;Mon Mar 23 2026 22:56:00 GMT+0100 (hora estándar de Europa central);Tue Mar 24 2026 23:25:00 GMT+0100 (hora estándar de Europa central);Wed Mar 18 2026 15:36:00 GMT+0100 (hora estándar de Europa central);Wed Mar 25 2026 12:43:00 GMT+0100 (hora estándar de Europa central)
4;46664;71|73;71;128;4;Tue Mar 24 2026 01:29:00 GMT+0100 (hora estándar de Europa central);Tue Mar 24 2026 22:48:00 GMT+0100 (hora estándar de Europa central);Mon Mar 23 2026 20:30:00 GMT+0100 (hora estándar de Europa central);Wed Mar 25 2026 02:38:00 GMT+0100 (hora estándar de Europa central)
1;46752;114;71;90;4;Tue Mar 24 2026 00:56:00 GMT+0100 (hora estándar de Europa central);Tue Mar 24 2026 22:14:00 GMT+0100 (hora estándar de Europa central);Mon Mar 23 2026 20:23:00 GMT+0100 (hora estándar de Europa central);Wed Mar 25 2026 01:18:00 GMT+0100 (hora estándar de Europa central)
3;46814;71|73|107|114|147;71;359;4;Sat Mar 21 2026 10:43:00 GMT+0100 (hora estándar de Europa central);Mon Mar 23 2026 22:47:00 GMT+0100 (hora estándar de Europa central);Fri Mar 20 2026 10:03:00 GMT+0100 (hora estándar de Europa central);Tue Mar 24 2026 03:11:00 GMT+0100 (hora estándar de Europa central)
4;45418;71|73;71;513;5;Fri Mar 20 2026 11:16:00 GMT+0100 (hora estándar de Europa central);Tue Mar 24 2026 01:18:00 GMT+0100 (hora estándar de Europa central);Fri Mar 20 2026 10:03:00 GMT+0100 (hora estándar de Europa central);Mon Mar 23 2026 18:22:00 GMT+0100 (hora estándar de Europa central)
1;46710;114;71;91;6;Sat Mar 21 2026 07:07:00 GMT+0100 (hora estándar de Europa central);Tue Mar 24 2026 00:46:00 GMT+0100 (hora estándar de Europa central);Fri Mar 20 2026 10:05:00 GMT+0100 (hora estándar de Europa central);Mon Mar 23 2026 18:21:00 GMT+0100 (hora estándar de Europa central)
2;46723;114;71;107;4;Sat Mar 21 2026 07:03:00 GMT+0100 (hora estándar de Europa central);Tue Mar 24 2026 00:15:00 GMT+0100 (hora estándar de Europa central);Fri Mar 20 2026 10:05:00 GMT+0100 (hora estándar de Europa central);Mon Mar 23 2026 18:22:00 GMT+0100 (hora estándar de Europa central)
1;46760;114;71;154;5;Wed Mar 18 2026 03:16:00 GMT+0100 (hora estándar de Europa central);Sat Mar 21 2026 06:57:00 GMT+0100 (hora estándar de Europa central);Wed Mar 18 2026 00:46:00 GMT+0100 (hora estándar de Europa central);Fri Mar 20 2026 07:41:00 GMT+0100 (hora estándar de Europa central)
2;46812;114;;147;5;Wed Mar 18 2026 03:47:00 GMT+0100 (hora estándar de Europa central);Sat Mar 21 2026 06:52:00 GMT+0100 (hora estándar de Europa central);Tue Mar 17 2026 03:30:00 GMT+0100 (hora estándar de Europa central);Fri Mar 20 2026 06:46:00 GMT+0100 (hora estándar de Europa central)
4;45727;71|130|138;138;342;5;Wed Mar 18 2026 01:47:00 GMT+0100 (hora estándar de Europa central);Fri Mar 20 2026 11:05:00 GMT+0100 (hora estándar de Europa central);Wed Mar 18 2026 00:45:00 GMT+0100 (hora estándar de Europa central);Fri Mar 20 2026 05:56:00 GMT+0100 (hora estándar de Europa central)
2;46256;114;71;323;5;Sun Mar 15 2026 22:21:00 GMT+0100 (hora estándar de Europa central);Wed Mar 18 2026 03:39:00 GMT+0100 (hora estándar de Europa central);Sat Mar 14 2026 01:50:00 GMT+0100 (hora estándar de Europa central);Tue Mar 17 2026 03:26:00 GMT+0100 (hora estándar de Europa central)
1;46816;114;71;147;6;Tue Mar 17 2026 03:21:00 GMT+0100 (hora estándar de Europa central);Wed Mar 18 2026 03:06:00 GMT+0100 (hora estándar de Europa central);Tue Mar 17 2026 03:15:00 GMT+0100 (hora estándar de Europa central);Tue Mar 17 2026 21:34:00 GMT+0100 (hora estándar de Europa central)
4;45227;72|130|138;130;150;3;Tue Mar 17 2026 00:35:00 GMT+0100 (hora estándar de Europa central);Wed Mar 18 2026 01:37:00 GMT+0100 (hora estándar de Europa central);Tue Mar 17 2026 00:34:00 GMT+0100 (hora estándar de Europa central);Tue Mar 17 2026 23:11:00 GMT+0100 (hora estándar de Europa central)
3;46790;107;71;348;6;Thu Mar 12 2026 22:03:00 GMT+0100 (hora estándar de Europa central);Mon Mar 16 2026 22:30:00 GMT+0100 (hora estándar de Europa central);Thu Mar 12 2026 20:27:00 GMT+0100 (hora estándar de Europa central);Tue Mar 17 2026 06:29:00 GMT+0100 (hora estándar de Europa central)
1;46740;114;72;125;4;Sun Mar 15 2026 23:36:00 GMT+0100 (hora estándar de Europa central);Tue Mar 17 2026 03:11:00 GMT+0100 (hora estándar de Europa central);Sat Mar 14 2026 01:48:00 GMT+0100 (hora estándar de Europa central);Mon Mar 16 2026 20:27:00 GMT+0100 (hora estándar de Europa central)
1;46707;114;71;191;4;Fri Mar 13 2026 01:04:00 GMT+0100 (hora estándar de Europa central);Sun Mar 15 2026 23:26:00 GMT+0100 (hora estándar de Europa central);Fri Mar 13 2026 01:00:00 GMT+0100 (hora estándar de Europa central);Sat Mar 14 2026 00:21:00 GMT+0100 (hora estándar de Europa central)
2;46786;114;71;305;5;Thu Mar 12 2026 04:57:00 GMT+0100 (hora estándar de Europa central);Sun Mar 15 2026 22:11:00 GMT+0100 (hora estándar de Europa central);Wed Mar 11 2026 20:25:00 GMT+0100 (hora estándar de Europa central);Fri Mar 13 2026 03:55:00 GMT+0100 (hora estándar de Europa central)
3;46792;107;71;101;4;Thu Mar 12 2026 05:39:00 GMT+0100 (hora estándar de Europa central);Thu Mar 12 2026 21:53:00 GMT+0100 (hora estándar de Europa central);Thu Mar 12 2026 01:38:00 GMT+0100 (hora estándar de Europa central);Fri Mar 13 2026 02:06:00 GMT+0100 (hora estándar de Europa central)
1;46758;114;71;212;4;Wed Mar 11 2026 03:26:00 GMT+0100 (hora estándar de Europa central);Fri Mar 13 2026 00:53:00 GMT+0100 (hora estándar de Europa central);Wed Mar 11 2026 01:54:00 GMT+0100 (hora estándar de Europa central);Wed Mar 11 2026 23:47:00 GMT+0100 (hora estándar de Europa central)
3;46599;71|107;71;568;5;Fri Mar 06 2026 03:34:00 GMT+0100 (hora estándar de Europa central);Thu Mar 12 2026 05:29:00 GMT+0100 (hora estándar de Europa central);Fri Mar 06 2026 02:20:00 GMT+0100 (hora estándar de Europa central);Fri Mar 06 2026 21:27:00 GMT+0100 (hora estándar de Europa central)
2;46764;114;71;377;5;Sat Mar 07 2026 01:56:00 GMT+0100 (hora estándar de Europa central);Thu Mar 12 2026 04:46:00 GMT+0100 (hora estándar de Europa central);Fri Mar 06 2026 20:15:00 GMT+0100 (hora estándar de Europa central);Mon Mar 09 2026 22:30:00 GMT+0100 (hora estándar de Europa central)
4;46726;71|114;71;137;4;Tue Mar 10 2026 05:24:00 GMT+0100 (hora estándar de Europa central);Wed Mar 11 2026 04:15:00 GMT+0100 (hora estándar de Europa central);Tue Mar 10 2026 01:22:00 GMT+0100 (hora estándar de Europa central);Tue Mar 10 2026 22:37:00 GMT+0100 (hora estándar de Europa central)
1;46794;114;;239;4;Sat Mar 07 2026 00:11:00 GMT+0100 (hora estándar de Europa central);Wed Mar 11 2026 03:15:00 GMT+0100 (hora estándar de Europa central);Fri Mar 06 2026 20:14:00 GMT+0100 (hora estándar de Europa central);Mon Mar 09 2026 22:55:00 GMT+0100 (hora estándar de Europa central)
4;46357;71|114;71;453;4;Sat Mar 07 2026 01:15:00 GMT+0100 (hora estándar de Europa central);Tue Mar 10 2026 05:14:00 GMT+0100 (hora estándar de Europa central);Fri Mar 06 2026 20:15:00 GMT+0100 (hora estándar de Europa central);Mon Mar 09 2026 21:56:00 GMT+0100 (hora estándar de Europa central)
3;46480;71;78;81;8;Wed Mar 04 2026 01:47:00 GMT+0100 (hora estándar de Europa central);Wed Mar 04 2026 22:26:00 GMT+0100 (hora estándar de Europa central);Wed Mar 04 2026 01:15:00 GMT+0100 (hora estándar de Europa central);Tue Mar 10 2026 03:27:00 GMT+0100 (hora estándar de Europa central)
2;46692;114;71;352;11;Tue Mar 03 2026 23:12:00 GMT+0100 (hora estándar de Europa central);Sat Mar 07 2026 01:46:00 GMT+0100 (hora estándar de Europa central);Fri Feb 27 2026 01:12:00 GMT+0100 (hora estándar de Europa central);Wed Mar 04 2026 21:49:00 GMT+0100 (hora estándar de Europa central)
1;46736;114;71;261;6;Thu Mar 05 2026 04:21:00 GMT+0100 (hora estándar de Europa central);Sat Mar 07 2026 00:02:00 GMT+0100 (hora estándar de Europa central);Thu Mar 05 2026 01:51:00 GMT+0100 (hora estándar de Europa central);Fri Mar 06 2026 00:38:00 GMT+0100 (hora estándar de Europa central)
1;46727;114;71;145;4;Tue Mar 03 2026 21:23:00 GMT+0100 (hora estándar de Europa central);Thu Mar 05 2026 04:12:00 GMT+0100 (hora estándar de Europa central);Tue Mar 03 2026 20:07:00 GMT+0100 (hora estándar de Europa central);Wed Mar 04 2026 23:28:00 GMT+0100 (hora estándar de Europa central)
2;46776;114;;157;3;Tue Mar 03 2026 00:53:00 GMT+0100 (hora estándar de Europa central);Tue Mar 03 2026 23:02:00 GMT+0100 (hora estándar de Europa central);Tue Mar 03 2026 00:53:00 GMT+0100 (hora estándar de Europa central);Wed Mar 04 2026 03:23:00 GMT+0100 (hora estándar de Europa central)
3;46487;71|114;78;329;8;Fri Feb 27 2026 03:26:00 GMT+0100 (hora estándar de Europa central);Wed Mar 04 2026 01:38:00 GMT+0100 (hora estándar de Europa central);Fri Feb 27 2026 01:37:00 GMT+0100 (hora estándar de Europa central);Wed Mar 04 2026 00:03:00 GMT+0100 (hora estándar de Europa central)
1;46772;114;;72;3;Tue Mar 03 2026 01:36:00 GMT+0100 (hora estándar de Europa central);Tue Mar 03 2026 21:14:00 GMT+0100 (hora estándar de Europa central);Tue Mar 03 2026 01:30:00 GMT+0100 (hora estándar de Europa central);Wed Mar 04 2026 01:12:00 GMT+0100 (hora estándar de Europa central)
1;46681;114;71;77;4;Mon Mar 02 2026 12:50:00 GMT+0100 (hora estándar de Europa central);Tue Mar 03 2026 01:26:00 GMT+0100 (hora estándar de Europa central);Sat Feb 28 2026 02:32:00 GMT+0100 (hora estándar de Europa central);Tue Mar 03 2026 02:18:00 GMT+0100 (hora estándar de Europa central)
2;46729;114;71;240;4;Thu Feb 26 2026 22:48:00 GMT+0100 (hora estándar de Europa central);Tue Mar 03 2026 00:43:00 GMT+0100 (hora estándar de Europa central);Thu Feb 26 2026 20:33:00 GMT+0100 (hora estándar de Europa central);Fri Feb 27 2026 23:48:00 GMT+0100 (hora estándar de Europa central)
1;46755;114;71;176;4;Thu Feb 26 2026 21:45:00 GMT+0100 (hora estándar de Europa central);Sat Feb 28 2026 04:40:00 GMT+0100 (hora estándar de Europa central);Thu Feb 26 2026 20:33:00 GMT+0100 (hora estándar de Europa central);Sat Feb 28 2026 00:15:00 GMT+0100 (hora estándar de Europa central)
2;46759;114;71;86;4;Thu Feb 26 2026 01:45:00 GMT+0100 (hora estándar de Europa central);Thu Feb 26 2026 22:41:00 GMT+0100 (hora estándar de Europa central);Wed Feb 25 2026 19:23:00 GMT+0100 (hora estándar de Europa central);Thu Feb 26 2026 23:26:00 GMT+0100 (hora estándar de Europa central)
1;46719;114;71;76;3;Thu Feb 26 2026 01:38:00 GMT+0100 (hora estándar de Europa central);Thu Feb 26 2026 21:34:00 GMT+0100 (hora estándar de Europa central);Wed Feb 25 2026 01:57:00 GMT+0100 (hora estándar de Europa central);Thu Feb 26 2026 23:25:00 GMT+0100 (hora estándar de Europa central)
4;46635;71|72;71;311;4;Mon Feb 23 2026 23:45:00 GMT+0100 (hora estándar de Europa central);Thu Feb 26 2026 03:49:00 GMT+0100 (hora estándar de Europa central);Mon Feb 23 2026 20:33:00 GMT+0100 (hora estándar de Europa central);Tue Feb 24 2026 17:29:00 GMT+0100 (hora estándar de Europa central)
2;46665;114;71;233;4;Tue Feb 24 2026 01:57:00 GMT+0100 (hora estándar de Europa central);Thu Feb 26 2026 01:35:00 GMT+0100 (hora estándar de Europa central);Sat Feb 21 2026 01:27:00 GMT+0100 (hora estándar de Europa central);Wed Feb 25 2026 15:45:00 GMT+0100 (hora estándar de Europa central)
1;46699;114;71;395;4;Fri Feb 20 2026 23:27:00 GMT+0100 (hora estándar de Europa central);Thu Feb 26 2026 01:29:00 GMT+0100 (hora estándar de Europa central);Fri Feb 20 2026 19:41:00 GMT+0100 (hora estándar de Europa central);Mon Feb 23 2026 22:51:00 GMT+0100 (hora estándar de Europa central)
3;46720;71|114;71;108;5;Mon Feb 23 2026 22:22:00 GMT+0100 (hora estándar de Europa central);Tue Feb 24 2026 23:10:00 GMT+0100 (hora estándar de Europa central);Mon Feb 23 2026 20:30:00 GMT+0100 (hora estándar de Europa central);Wed Feb 25 2026 00:10:00 GMT+0100 (hora estándar de Europa central)
2;46672;114;71;125;4;Fri Feb 20 2026 21:12:00 GMT+0100 (hora estándar de Europa central);Tue Feb 24 2026 01:46:00 GMT+0100 (hora estándar de Europa central);Thu Feb 19 2026 23:59:00 GMT+0100 (hora estándar de Europa central);Tue Feb 24 2026 17:26:00 GMT+0100 (hora estándar de Europa central)
3;46482;71|99;78;325;8;Tue Feb 10 2026 14:37:00 GMT+0100 (hora estándar de Europa central);Mon Feb 23 2026 22:11:00 GMT+0100 (hora estándar de Europa central);Wed Feb 18 2026 17:22:00 GMT+0100 (hora estándar de Europa central);Tue Feb 24 2026 02:39:00 GMT+0100 (hora estándar de Europa central)
3;46520;71|114;71;96;4;Fri Feb 20 2026 02:01:00 GMT+0100 (hora estándar de Europa central);Fri Feb 20 2026 23:53:00 GMT+0100 (hora estándar de Europa central);Thu Feb 19 2026 15:57:00 GMT+0100 (hora estándar de Europa central);Sat Feb 21 2026 02:31:00 GMT+0100 (hora estándar de Europa central)
1;46673;114;71;71;4;Fri Feb 20 2026 03:59:00 GMT+0100 (hora estándar de Europa central);Fri Feb 20 2026 23:17:00 GMT+0100 (hora estándar de Europa central);Thu Feb 19 2026 22:07:00 GMT+0100 (hora estándar de Europa central);Sat Feb 21 2026 01:56:00 GMT+0100 (hora estándar de Europa central)
2;46693;114;71;95;4;Thu Feb 19 2026 22:11:00 GMT+0100 (hora estándar de Europa central);Fri Feb 20 2026 21:03:00 GMT+0100 (hora estándar de Europa central);Thu Feb 19 2026 15:56:00 GMT+0100 (hora estándar de Europa central);Fri Feb 20 2026 22:32:00 GMT+0100 (hora estándar de Europa central)
1;46687;114;71;130;4;Wed Feb 18 2026 22:45:00 GMT+0100 (hora estándar de Europa central);Fri Feb 20 2026 03:48:00 GMT+0100 (hora estándar de Europa central);Wed Feb 18 2026 20:37:00 GMT+0100 (hora estándar de Europa central);Thu Feb 19 2026 20:29:00 GMT+0100 (hora estándar de Europa central)
2;46682;114;71;87;4;Thu Feb 19 2026 00:08:00 GMT+0100 (hora estándar de Europa central);Thu Feb 19 2026 22:00:00 GMT+0100 (hora estándar de Europa central);Wed Feb 18 2026 04:26:00 GMT+0100 (hora estándar de Europa central);Thu Feb 19 2026 23:17:00 GMT+0100 (hora estándar de Europa central)
2;46678;114;71;118;5;Wed Feb 18 2026 00:52:00 GMT+0100 (hora estándar de Europa central);Wed Feb 18 2026 23:59:00 GMT+0100 (hora estándar de Europa central);Tue Feb 17 2026 20:21:00 GMT+0100 (hora estándar de Europa central);Thu Feb 19 2026 01:31:00 GMT+0100 (hora estándar de Europa central)
1;46708;114;71;73;4;Wed Feb 18 2026 02:54:00 GMT+0100 (hora estándar de Europa central);Wed Feb 18 2026 22:36:00 GMT+0100 (hora estándar de Europa central);Tue Feb 17 2026 20:21:00 GMT+0100 (hora estándar de Europa central);Wed Feb 18 2026 23:29:00 GMT+0100 (hora estándar de Europa central)
1;46604;114;71;129;4;Mon Feb 16 2026 21:55:00 GMT+0100 (hora estándar de Europa central);Wed Feb 18 2026 02:44:00 GMT+0100 (hora estándar de Europa central);Mon Feb 16 2026 19:32:00 GMT+0100 (hora estándar de Europa central);Tue Feb 17 2026 16:57:00 GMT+0100 (hora estándar de Europa central)
2;46502;114;;185;4;Mon Feb 16 2026 08:56:00 GMT+0100 (hora estándar de Europa central);Wed Feb 18 2026 00:42:00 GMT+0100 (hora estándar de Europa central);Mon Feb 16 2026 08:05:00 GMT+0100 (hora estándar de Europa central);Mon Feb 16 2026 23:33:00 GMT+0100 (hora estándar de Europa central)
4;46001;71;;621;4;Thu Feb 12 2026 17:10:00 GMT+0100 (hora estándar de Europa central);Tue Feb 17 2026 01:31:00 GMT+0100 (hora estándar de Europa central);Thu Feb 12 2026 12:13:00 GMT+0100 (hora estándar de Europa central);Mon Feb 16 2026 05:31:00 GMT+0100 (hora estándar de Europa central)
1;46610;114;71;214;4;Thu Feb 12 2026 19:42:00 GMT+0100 (hora estándar de Europa central);Mon Feb 16 2026 21:45:00 GMT+0100 (hora estándar de Europa central);Thu Feb 12 2026 16:10:00 GMT+0100 (hora estándar de Europa central);Mon Feb 16 2026 06:39:00 GMT+0100 (hora estándar de Europa central)
2;46601;114;71;165;1;Thu Feb 12 2026 14:43:00 GMT+0100 (hora estándar de Europa central);Mon Feb 16 2026 08:46:00 GMT+0100 (hora estándar de Europa central);Thu Feb 12 2026 14:39:00 GMT+0100 (hora estándar de Europa central);Thu Feb 12 2026 14:39:00 GMT+0100 (hora estándar de Europa central)
1;46577;114;71;115;4;Wed Feb 11 2026 18:18:00 GMT+0100 (hora estándar de Europa central);Thu Feb 12 2026 19:33:00 GMT+0100 (hora estándar de Europa central);Wed Feb 11 2026 17:44:00 GMT+0100 (hora estándar de Europa central);Thu Feb 12 2026 14:00:00 GMT+0100 (hora estándar de Europa central)
2;46605;114;71;62;4;Thu Feb 12 2026 04:46:00 GMT+0100 (hora estándar de Europa central);Thu Feb 12 2026 14:31:00 GMT+0100 (hora estándar de Europa central);Wed Feb 11 2026 09:39:00 GMT+0100 (hora estándar de Europa central);Thu Feb 12 2026 15:38:00 GMT+0100 (hora estándar de Europa central)
2;46422;114;90|92;431;4;Fri Feb 06 2026 07:01:00 GMT+0100 (hora estándar de Europa central);Wed Feb 11 2026 20:59:00 GMT+0100 (hora estándar de Europa central);Thu Feb 05 2026 20:22:00 GMT+0100 (hora estándar de Europa central);Sat Feb 07 2026 05:40:00 GMT+0100 (hora estándar de Europa central)
1;46597;114;71;119;4;Tue Feb 10 2026 15:18:00 GMT+0100 (hora estándar de Europa central);Wed Feb 11 2026 18:08:00 GMT+0100 (hora estándar de Europa central);Tue Feb 10 2026 12:18:00 GMT+0100 (hora estándar de Europa central);Wed Feb 11 2026 14:46:00 GMT+0100 (hora estándar de Europa central)
1;46583;114;71;76;4;Mon Feb 09 2026 20:03:00 GMT+0100 (hora estándar de Europa central);Tue Feb 10 2026 15:08:00 GMT+0100 (hora estándar de Europa central);Mon Feb 09 2026 14:52:00 GMT+0100 (hora estándar de Europa central);Tue Feb 10 2026 19:33:00 GMT+0100 (hora estándar de Europa central)
3;46576;71|85|99;71;83;4;Mon Feb 09 2026 18:02:00 GMT+0100 (hora estándar de Europa central);Tue Feb 10 2026 14:26:00 GMT+0100 (hora estándar de Europa central);Mon Feb 09 2026 12:35:00 GMT+0100 (hora estándar de Europa central);Tue Feb 10 2026 19:07:00 GMT+0100 (hora estándar de Europa central)
1;46600;114;71;134;7;Sat Feb 07 2026 06:13:00 GMT+0100 (hora estándar de Europa central);Mon Feb 09 2026 19:53:00 GMT+0100 (hora estándar de Europa central);Fri Feb 06 2026 19:21:00 GMT+0100 (hora estándar de Europa central);Mon Feb 09 2026 13:48:00 GMT+0100 (hora estándar de Europa central)
1;46624;114;71;65;4;Fri Feb 06 2026 12:13:00 GMT+0100 (hora estándar de Europa central);Sat Feb 07 2026 06:02:00 GMT+0100 (hora estándar de Europa central);Fri Feb 06 2026 11:03:00 GMT+0100 (hora estándar de Europa central);Sat Feb 07 2026 08:05:00 GMT+0100 (hora estándar de Europa central)
2;46625;114;71;79;4;Thu Feb 05 2026 10:30:00 GMT+0100 (hora estándar de Europa central);Fri Feb 06 2026 06:50:00 GMT+0100 (hora estándar de Europa central);Wed Feb 04 2026 20:45:00 GMT+0100 (hora estándar de Europa central);Fri Feb 06 2026 16:30:00 GMT+0100 (hora estándar de Europa central)
1;46565;114;71;145;4;Thu Feb 05 2026 06:39:00 GMT+0100 (hora estándar de Europa central);Fri Feb 06 2026 12:03:00 GMT+0100 (hora estándar de Europa central);Wed Feb 04 2026 20:45:00 GMT+0100 (hora estándar de Europa central);Fri Feb 06 2026 06:04:00 GMT+0100 (hora estándar de Europa central)
2;46617;114;72;225;4;Tue Feb 03 2026 07:24:00 GMT+0100 (hora estándar de Europa central);Thu Feb 05 2026 10:20:00 GMT+0100 (hora estándar de Europa central);Mon Feb 02 2026 10:56:00 GMT+0100 (hora estándar de Europa central);Tue Feb 03 2026 18:47:00 GMT+0100 (hora estándar de Europa central)
1;46608;114;71;90;4;Tue Feb 03 2026 11:58:00 GMT+0100 (hora estándar de Europa central);Wed Feb 04 2026 09:37:00 GMT+0100 (hora estándar de Europa central);Tue Feb 03 2026 10:37:00 GMT+0100 (hora estándar de Europa central);Wed Feb 04 2026 17:59:00 GMT+0100 (hora estándar de Europa central)
3;46613;71|114;71;247;4;Mon Feb 02 2026 05:58:00 GMT+0100 (hora estándar de Europa central);Wed Feb 04 2026 11:54:00 GMT+0100 (hora estándar de Europa central);Sat Jan 31 2026 11:45:00 GMT+0100 (hora estándar de Europa central);Tue Feb 03 2026 06:33:00 GMT+0100 (hora estándar de Europa central)
4;46124;71|72;72;305;4;Mon Feb 02 2026 07:56:00 GMT+0100 (hora estándar de Europa central);Wed Feb 04 2026 11:01:00 GMT+0100 (hora estándar de Europa central);Mon Feb 02 2026 06:23:00 GMT+0100 (hora estándar de Europa central);Tue Feb 03 2026 05:58:00 GMT+0100 (hora estándar de Europa central)
2;46603;114;71;153;4;Sat Jan 31 2026 06:20:00 GMT+0100 (hora estándar de Europa central);Tue Feb 03 2026 07:13:00 GMT+0100 (hora estándar de Europa central);Fri Jan 30 2026 14:22:00 GMT+0100 (hora estándar de Europa central);Tue Feb 03 2026 12:03:00 GMT+0100 (hora estándar de Europa central)
1;46598;114;71;136;5;Mon Feb 02 2026 06:00:00 GMT+0100 (hora estándar de Europa central);Tue Feb 03 2026 11:48:00 GMT+0100 (hora estándar de Europa central);Mon Feb 02 2026 05:54:00 GMT+0100 (hora estándar de Europa central);Tue Feb 03 2026 08:22:00 GMT+0100 (hora estándar de Europa central)
1;46566;114;71;69;5;Fri Jan 30 2026 17:27:00 GMT+0100 (hora estándar de Europa central);Mon Feb 02 2026 05:50:00 GMT+0100 (hora estándar de Europa central);Fri Jan 30 2026 14:22:00 GMT+0100 (hora estándar de Europa central);Mon Feb 02 2026 15:48:00 GMT+0100 (hora estándar de Europa central)
4;46485;71|72;71;369;5;Fri Jan 30 2026 17:56:00 GMT+0100 (hora estándar de Europa central);Mon Feb 02 2026 07:46:00 GMT+0100 (hora estándar de Europa central);Fri Jan 30 2026 14:20:00 GMT+0100 (hora estándar de Europa central);Mon Feb 02 2026 12:05:00 GMT+0100 (hora estándar de Europa central)
2;46411;114;71;196;8;Mon Dec 15 2025 11:43:00 GMT+0100 (hora estándar de Europa central);Sat Jan 31 2026 06:11:00 GMT+0100 (hora estándar de Europa central);Sat Dec 13 2025 09:11:00 GMT+0100 (hora estándar de Europa central);Sat Jan 31 2026 10:35:00 GMT+0100 (hora estándar de Europa central)
4;46362;71|72;71;165;4;Thu Jan 29 2026 14:11:00 GMT+0100 (hora estándar de Europa central);Fri Jan 30 2026 17:45:00 GMT+0100 (hora estándar de Europa central);Thu Jan 29 2026 10:11:00 GMT+0100 (hora estándar de Europa central);Fri Jan 30 2026 12:35:00 GMT+0100 (hora estándar de Europa central)
1;46466;114;;119;6;Thu Jan 29 2026 14:54:00 GMT+0100 (hora estándar de Europa central);Fri Jan 30 2026 17:17:00 GMT+0100 (hora estándar de Europa central);Thu Jan 29 2026 10:13:00 GMT+0100 (hora estándar de Europa central);Fri Jan 30 2026 12:31:00 GMT+0100 (hora estándar de Europa central)
3;46580;71|114;71;376;8;Mon Jan 26 2026 18:26:00 GMT+0100 (hora estándar de Europa central);Fri Jan 30 2026 15:12:00 GMT+0100 (hora estándar de Europa central);Mon Jan 26 2026 11:09:00 GMT+0100 (hora estándar de Europa central);Thu Jan 29 2026 16:33:00 GMT+0100 (hora estándar de Europa central)
1;46533;114;71;81;6;Wed Jan 28 2026 18:00:00 GMT+0100 (hora estándar de Europa central);Thu Jan 29 2026 14:45:00 GMT+0100 (hora estándar de Europa central);Wed Jan 28 2026 11:54:00 GMT+0100 (hora estándar de Europa central);Fri Jan 30 2026 06:04:00 GMT+0100 (hora estándar de Europa central)
2;46543;114;71;143;4;Wed Jan 28 2026 14:01:00 GMT+0100 (hora estándar de Europa central);Thu Jan 29 2026 20:22:00 GMT+0100 (hora estándar de Europa central);Wed Jan 28 2026 11:58:00 GMT+0100 (hora estándar de Europa central);Thu Jan 29 2026 17:53:00 GMT+0100 (hora estándar de Europa central)
1;46544;114;71;76;5;Wed Jan 28 2026 04:59:00 GMT+0100 (hora estándar de Europa central);Wed Jan 28 2026 17:51:00 GMT+0100 (hora estándar de Europa central);Tue Jan 27 2026 12:16:00 GMT+0100 (hora estándar de Europa central);Thu Jan 29 2026 10:09:00 GMT+0100 (hora estándar de Europa central)
2;46579;114;71;84;4;Tue Jan 27 2026 16:37:00 GMT+0100 (hora estándar de Europa central);Wed Jan 28 2026 13:52:00 GMT+0100 (hora estándar de Europa central);Tue Jan 27 2026 12:15:00 GMT+0100 (hora estándar de Europa central);Thu Jan 29 2026 10:07:00 GMT+0100 (hora estándar de Europa central)
1;46552;114;71;323;4;Fri Jan 23 2026 07:43:00 GMT+0100 (hora estándar de Europa central);Tue Jan 27 2026 20:34:00 GMT+0100 (hora estándar de Europa central);Thu Jan 22 2026 20:59:00 GMT+0100 (hora estándar de Europa central);Sat Jan 24 2026 09:13:00 GMT+0100 (hora estándar de Europa central)
2;46578;114;71;94;4;Mon Jan 26 2026 17:33:00 GMT+0100 (hora estándar de Europa central);Tue Jan 27 2026 16:26:00 GMT+0100 (hora estándar de Europa central);Sat Jan 24 2026 10:39:00 GMT+0100 (hora estándar de Europa central);Tue Jan 27 2026 18:21:00 GMT+0100 (hora estándar de Europa central)
2;46506;114;;94;4;Sat Jan 24 2026 08:16:00 GMT+0100 (hora estándar de Europa central);Mon Jan 26 2026 17:23:00 GMT+0100 (hora estándar de Europa central);Fri Jan 23 2026 12:43:00 GMT+0100 (hora estándar de Europa central);Mon Jan 26 2026 18:45:00 GMT+0100 (hora estándar de Europa central)
2;46563;114;71;106;5;Fri Jan 23 2026 06:54:00 GMT+0100 (hora estándar de Europa central);Sat Jan 24 2026 08:09:00 GMT+0100 (hora estándar de Europa central);Thu Jan 22 2026 21:00:00 GMT+0100 (hora estándar de Europa central);Sat Jan 24 2026 09:54:00 GMT+0100 (hora estándar de Europa central)
4;46378;71|72;71;310;4;Wed Jan 21 2026 05:31:00 GMT+0100 (hora estándar de Europa central);Fri Jan 23 2026 09:28:00 GMT+0100 (hora estándar de Europa central);Tue Jan 20 2026 19:52:00 GMT+0100 (hora estándar de Europa central);Wed Jan 21 2026 20:53:00 GMT+0100 (hora estándar de Europa central)
2;46531;114;71;92;4;Thu Jan 22 2026 08:20:00 GMT+0100 (hora estándar de Europa central);Fri Jan 23 2026 06:44:00 GMT+0100 (hora estándar de Europa central);Wed Jan 21 2026 11:31:00 GMT+0100 (hora estándar de Europa central);Fri Jan 23 2026 08:58:00 GMT+0100 (hora estándar de Europa central)
1;46542;114;71;231;5;Tue Jan 20 2026 05:39:00 GMT+0100 (hora estándar de Europa central);Thu Jan 22 2026 11:11:00 GMT+0100 (hora estándar de Europa central);Mon Jan 19 2026 07:00:00 GMT+0100 (hora estándar de Europa central);Tue Jan 20 2026 19:48:00 GMT+0100 (hora estándar de Europa central)
2;46535;114;71;102;4;Wed Jan 21 2026 07:50:00 GMT+0100 (hora estándar de Europa central);Thu Jan 22 2026 08:09:00 GMT+0100 (hora estándar de Europa central);Tue Jan 20 2026 19:48:00 GMT+0100 (hora estándar de Europa central);Thu Jan 22 2026 10:18:00 GMT+0100 (hora estándar de Europa central)
3;46401;71|114;71;156;8;Sat Jan 10 2026 08:45:00 GMT+0100 (hora estándar de Europa central);Thu Jan 22 2026 06:59:00 GMT+0100 (hora estándar de Europa central);Fri Jan 09 2026 19:52:00 GMT+0100 (hora estándar de Europa central);Thu Jan 22 2026 09:41:00 GMT+0100 (hora estándar de Europa central)
2;46536;114;72;80;4;Tue Jan 20 2026 11:05:00 GMT+0100 (hora estándar de Europa central);Wed Jan 21 2026 07:41:00 GMT+0100 (hora estándar de Europa central);Mon Jan 19 2026 20:40:00 GMT+0100 (hora estándar de Europa central);Wed Jan 21 2026 09:16:00 GMT+0100 (hora estándar de Europa central)
4;46202;71|72|117;72;105;4;Tue Jan 20 2026 11:54:00 GMT+0100 (hora estándar de Europa central);Wed Jan 21 2026 05:21:00 GMT+0100 (hora estándar de Europa central);Mon Jan 19 2026 20:41:00 GMT+0100 (hora estándar de Europa central);Wed Jan 21 2026 07:18:00 GMT+0100 (hora estándar de Europa central)
4;37585;72|117;;530;4;Fri Jan 16 2026 18:48:00 GMT+0100 (hora estándar de Europa central);Tue Jan 20 2026 11:43:00 GMT+0100 (hora estándar de Europa central);Fri Jan 16 2026 13:50:00 GMT+0100 (hora estándar de Europa central);Mon Jan 19 2026 16:51:00 GMT+0100 (hora estándar de Europa central)
2;46496;114;;167;4;Fri Jan 16 2026 16:30:00 GMT+0100 (hora estándar de Europa central);Tue Jan 20 2026 10:54:00 GMT+0100 (hora estándar de Europa central);Fri Jan 16 2026 06:42:00 GMT+0100 (hora estándar de Europa central);Mon Jan 19 2026 16:52:00 GMT+0100 (hora estándar de Europa central)
1;46532;114;71;104;7;Fri Jan 16 2026 20:25:00 GMT+0100 (hora estándar de Europa central);Tue Jan 20 2026 05:28:00 GMT+0100 (hora estándar de Europa central);Fri Jan 16 2026 06:41:00 GMT+0100 (hora estándar de Europa central);Tue Jan 20 2026 06:37:00 GMT+0100 (hora estándar de Europa central)