pm;fuentes;filas_total;primera;ultima
45886;bloque_maquinas|disco_puente|partes_telar;37;Wed Oct 08 2025 11:52:00 GMT+0200 (hora de verano de Europa central);Tue Dec 22 2026 19:33:00 GMT+0100 (hora estándar de Europa central)
45573;bloque_maquinas|disco_puente|partes_telar;41;Mon Dec 22 2025 08:30:00 GMT+0100 (hora estándar de Europa central);Tue Dec 22 2026 14:03:00 GMT+0100 (hora estándar de Europa central)
46343;bloque_maquinas|disco_puente|lot_block_creation|partes_telar|produccion_telar;353;Wed Nov 19 2025 12:26:12 GMT+0100 (hora estándar de Europa central);Tue Dec 22 2026 06:26:00 GMT+0100 (hora estándar de Europa central)
46326;bloque_maquinas|disco_puente|lot_block_creation|partes_telar;18;Mon Nov 17 2025 14:21:22 GMT+0100 (hora estándar de Europa central);Sat Dec 19 2026 20:06:00 GMT+0100 (hora estándar de Europa central)
46346;bloque_maquinas|disco_puente|lot_block_creation;10;Wed Nov 19 2025 14:05:44 GMT+0100 (hora estándar de Europa central);Sat Dec 19 2026 10:41:00 GMT+0100 (hora estándar de Europa central)
46224;bloque_maquinas|disco_puente|lot_block_creation|partes_telar|produccion_telar;648;Tue Oct 21 2025 14:10:49 GMT+0200 (hora de verano de Europa central);Sat Dec 19 2026 07:09:00 GMT+0100 (hora estándar de Europa central)
0;bloque_maquinas|disco_puente|partes_telar|produccion_telar;4001;Mon May 19 2025 11:56:00 GMT+0200 (hora de verano de Europa central);Fri Dec 18 2026 20:56:00 GMT+0100 (hora estándar de Europa central)
46461;bloque_maquinas|disco_puente|lot_block_creation|partes_telar|produccion_telar;332;Mon Dec 15 2025 09:42:30 GMT+0100 (hora estándar de Europa central);Fri Dec 18 2026 15:32:00 GMT+0100 (hora estándar de Europa central)
46451;bloque_maquinas|disco_puente|lot_block_creation|partes_telar|produccion_telar;395;Thu Dec 11 2025 12:38:07 GMT+0100 (hora estándar de Europa central);Fri Dec 18 2026 15:30:00 GMT+0100 (hora estándar de Europa central)
46345;bloque_maquinas|disco_puente|lot_block_creation|partes_telar;25;Wed Nov 19 2025 14:04:19 GMT+0100 (hora estándar de Europa central);Thu Dec 17 2026 20:11:00 GMT+0100 (hora estándar de Europa central)
46423;bloque_maquinas|disco_puente|lot_block_creation|partes_telar;28;Tue Dec 09 2025 10:36:12 GMT+0100 (hora estándar de Europa central);Thu Dec 17 2026 15:45:00 GMT+0100 (hora estándar de Europa central)
46350;bloque_maquinas|disco_puente|lot_block_creation|partes_telar;23;Fri Nov 21 2025 12:30:36 GMT+0100 (hora estándar de Europa central);Thu Dec 17 2026 09:00:00 GMT+0100 (hora estándar de Europa central)
46338;bloque_maquinas|disco_puente|lot_block_creation|partes_telar;40;Wed Nov 19 2025 12:04:55 GMT+0100 (hora estándar de Europa central);Thu Dec 17 2026 06:25:00 GMT+0100 (hora estándar de Europa central)
46335;bloque_maquinas|disco_puente|lot_block_creation|partes_telar|produccion_telar;213;Tue Nov 18 2025 12:55:26 GMT+0100 (hora estándar de Europa central);Wed Dec 16 2026 12:52:00 GMT+0100 (hora estándar de Europa central)
46341;bloque_maquinas|disco_puente|lot_block_creation|partes_telar|produccion_telar;156;Wed Nov 19 2025 12:18:10 GMT+0100 (hora estándar de Europa central);Wed Dec 16 2026 08:24:00 GMT+0100 (hora estándar de Europa central)
46234;bloque_maquinas|disco_puente|lot_block_creation|partes_telar;42;Wed Oct 22 2025 13:45:32 GMT+0200 (hora de verano de Europa central);Wed Dec 16 2026 05:21:00 GMT+0100 (hora estándar de Europa central)
46358;bloque_maquinas|disco_puente|lot_block_creation|partes_telar;41;Mon Nov 24 2025 10:38:26 GMT+0100 (hora estándar de Europa central);Tue Dec 15 2026 11:20:00 GMT+0100 (hora estándar de Europa central)
46344;bloque_maquinas|disco_puente|lot_block_creation;10;Wed Nov 19 2025 12:29:36 GMT+0100 (hora estándar de Europa central);Sat Dec 12 2026 17:26:00 GMT+0100 (hora estándar de Europa central)
45406;bloque_maquinas|disco_puente|partes_telar;25;Thu Dec 04 2025 15:26:00 GMT+0100 (hora estándar de Europa central);Sat Dec 12 2026 11:43:00 GMT+0100 (hora estándar de Europa central)
45408;bloque_maquinas|disco_puente;11;Fri Dec 12 2025 08:09:00 GMT+0100 (hora estándar de Europa central);Sat Dec 12 2026 10:45:00 GMT+0100 (hora estándar de Europa central)
46146;bloque_maquinas|disco_puente;28;Wed Oct 08 2025 19:33:00 GMT+0200 (hora de verano de Europa central);Sat Dec 12 2026 06:44:00 GMT+0100 (hora estándar de Europa central)
46396;bloque_maquinas|disco_puente|lot_block_creation|partes_telar;38;Wed Dec 03 2025 16:06:53 GMT+0100 (hora estándar de Europa central);Fri Dec 11 2026 16:07:00 GMT+0100 (hora estándar de Europa central)
46389;bloque_maquinas|disco_puente|lot_block_creation|partes_telar|produccion_telar;124;Tue Dec 02 2025 12:05:50 GMT+0100 (hora estándar de Europa central);Fri Dec 11 2026 07:39:00 GMT+0100 (hora estándar de Europa central)
46374;bloque_maquinas|disco_puente|lot_block_creation|partes_telar|produccion_telar;124;Thu Nov 27 2025 11:03:09 GMT+0100 (hora estándar de Europa central);Thu Dec 10 2026 19:06:00 GMT+0100 (hora estándar de Europa central)
46367;bloque_maquinas|disco_puente|lot_block_creation|partes_telar|produccion_telar;106;Wed Nov 26 2025 12:30:03 GMT+0100 (hora estándar de Europa central);Thu Dec 10 2026 12:13:00 GMT+0100 (hora estándar de Europa central)
46368;bloque_maquinas|disco_puente|lot_block_creation|partes_telar|produccion_telar;103;Wed Nov 26 2025 12:31:19 GMT+0100 (hora estándar de Europa central);Wed Dec 09 2026 11:58:00 GMT+0100 (hora estándar de Europa central)
46377;bloque_maquinas|disco_puente|lot_block_creation|partes_telar|produccion_telar;118;Fri Nov 28 2025 11:29:37 GMT+0100 (hora estándar de Europa central);Wed Dec 09 2026 07:46:00 GMT+0100 (hora estándar de Europa central)
46315;bloque_maquinas|disco_puente|lot_block_creation|partes_telar;25;Mon Nov 17 2025 12:20:02 GMT+0100 (hora estándar de Europa central);Fri Dec 04 2026 19:37:00 GMT+0100 (hora estándar de Europa central)
46131;bloque_maquinas|disco_puente|lot_block_creation|partes_telar;11;Mon Sep 29 2025 09:45:01 GMT+0200 (hora de verano de Europa central);Fri Dec 04 2026 06:40:00 GMT+0100 (hora estándar de Europa central)
46161;bloque_maquinas|disco_puente|lot_block_creation|partes_telar;28;Mon Oct 06 2025 09:25:37 GMT+0200 (hora de verano de Europa central);Fri Dec 04 2026 06:37:00 GMT+0100 (hora estándar de Europa central)
46042;bloque_maquinas|disco_puente|lot_block_creation|partes_telar|produccion_telar;59;Mon Sep 08 2025 11:56:37 GMT+0200 (hora de verano de Europa central);Thu Dec 03 2026 15:26:00 GMT+0100 (hora estándar de Europa central)
45962;bloque_maquinas|disco_puente|partes_telar|produccion_telar;249;Tue Sep 02 2025 11:46:00 GMT+0200 (hora de verano de Europa central);Wed Dec 02 2026 14:43:00 GMT+0100 (hora estándar de Europa central)
45957;bloque_maquinas|disco_puente|partes_telar|produccion_telar;160;Mon Sep 01 2025 10:43:00 GMT+0200 (hora de verano de Europa central);Wed Dec 02 2026 14:37:00 GMT+0100 (hora estándar de Europa central)
46366;bloque_maquinas|disco_puente;29;Mon Dec 01 2025 07:35:00 GMT+0100 (hora estándar de Europa central);Tue Dec 01 2026 20:07:00 GMT+0100 (hora estándar de Europa central)
46336;bloque_maquinas|disco_puente|lot_block_creation|partes_telar|produccion_telar;105;Wed Nov 19 2025 11:54:19 GMT+0100 (hora estándar de Europa central);Tue Dec 01 2026 06:09:00 GMT+0100 (hora estándar de Europa central)
46300;bloque_maquinas|disco_puente|lot_block_creation;13;Fri Nov 07 2025 10:38:04 GMT+0100 (hora estándar de Europa central);Sat Nov 28 2026 10:26:00 GMT+0100 (hora estándar de Europa central)
46298;bloque_maquinas|disco_puente|lot_block_creation;9;Thu Nov 06 2025 16:17:33 GMT+0100 (hora estándar de Europa central);Sat Nov 28 2026 09:50:00 GMT+0100 (hora estándar de Europa central)
46295;bloque_maquinas|disco_puente|lot_block_creation;14;Thu Nov 06 2025 16:08:43 GMT+0100 (hora estándar de Europa central);Fri Nov 27 2026 15:30:00 GMT+0100 (hora estándar de Europa central)
45912;bloque_maquinas|disco_puente;34;Tue Sep 16 2025 11:41:00 GMT+0200 (hora de verano de Europa central);Fri Nov 27 2026 10:26:00 GMT+0100 (hora estándar de Europa central)
46319;bloque_maquinas|disco_puente|lot_block_creation|partes_telar|produccion_telar;520;Mon Nov 17 2025 14:01:58 GMT+0100 (hora estándar de Europa central);Fri Nov 27 2026 10:24:00 GMT+0100 (hora estándar de Europa central)
46314;bloque_maquinas|disco_puente|lot_block_creation|partes_telar|produccion_telar;116;Sat Nov 15 2025 11:37:00 GMT+0100 (hora estándar de Europa central);Thu Nov 26 2026 14:07:00 GMT+0100 (hora estándar de Europa central)
46274;bloque_maquinas|disco_puente|lot_block_creation|partes_telar;22;Thu Oct 30 2025 11:26:28 GMT+0100 (hora estándar de Europa central);Thu Nov 26 2026 06:00:00 GMT+0100 (hora estándar de Europa central)
46294;bloque_maquinas|disco_puente|lot_block_creation|partes_telar;39;Thu Nov 06 2025 10:44:49 GMT+0100 (hora estándar de Europa central);Wed Nov 25 2026 16:48:00 GMT+0100 (hora estándar de Europa central)
46321;bloque_maquinas|disco_puente|lot_block_creation|partes_telar|produccion_telar;107;Mon Nov 17 2025 14:03:52 GMT+0100 (hora estándar de Europa central);Wed Nov 25 2026 10:13:00 GMT+0100 (hora estándar de Europa central)
45339;bloque_maquinas|disco_puente;15;Tue Nov 25 2025 06:03:00 GMT+0100 (hora estándar de Europa central);Wed Nov 25 2026 06:03:00 GMT+0100 (hora estándar de Europa central)
45490;bloque_maquinas|disco_puente;20;Mon Nov 24 2025 13:39:00 GMT+0100 (hora estándar de Europa central);Tue Nov 24 2026 16:41:00 GMT+0100 (hora estándar de Europa central)
46054;bloque_maquinas|disco_puente|lot_block_creation|partes_telar;42;Tue Sep 09 2025 11:51:06 GMT+0200 (hora de verano de Europa central);Tue Nov 24 2026 11:31:00 GMT+0100 (hora estándar de Europa central)
46203;bloque_maquinas|disco_puente|lot_block_creation|partes_telar|produccion_telar;494;Mon Oct 20 2025 11:06:39 GMT+0200 (hora de verano de Europa central);Tue Nov 24 2026 11:28:00 GMT+0100 (hora estándar de Europa central)
45909;bloque_maquinas|disco_puente|partes_telar|produccion_telar;281;Mon Sep 08 2025 19:03:00 GMT+0200 (hora de verano de Europa central);Sat Nov 21 2026 11:35:00 GMT+0100 (hora estándar de Europa central)
45964;bloque_maquinas|disco_puente|partes_telar;28;Fri Sep 12 2025 13:35:00 GMT+0200 (hora de verano de Europa central);Sat Nov 21 2026 06:11:00 GMT+0100 (hora estándar de Europa central)
46120;bloque_maquinas|disco_puente|lot_block_creation|partes_telar;14;Tue Sep 23 2025 10:10:30 GMT+0200 (hora de verano de Europa central);Fri Nov 20 2026 18:57:00 GMT+0100 (hora estándar de Europa central)
46219;bloque_maquinas|disco_puente|lot_block_creation|partes_telar|produccion_telar;121;Tue Oct 21 2025 13:57:40 GMT+0200 (hora de verano de Europa central);Fri Nov 20 2026 13:31:00 GMT+0100 (hora estándar de Europa central)
46230;bloque_maquinas|disco_puente|lot_block_creation|partes_telar|produccion_telar;224;Wed Oct 22 2025 13:33:51 GMT+0200 (hora de verano de Europa central);Fri Nov 20 2026 12:03:00 GMT+0100 (hora estándar de Europa central)
46233;bloque_maquinas|disco_puente|lot_block_creation|partes_telar|produccion_telar;230;Wed Oct 22 2025 13:42:13 GMT+0200 (hora de verano de Europa central);Fri Nov 20 2026 11:03:00 GMT+0100 (hora estándar de Europa central)
45926;bloque_maquinas|disco_puente|partes_telar|produccion_telar;26;Mon Oct 13 2025 17:56:00 GMT+0200 (hora de verano de Europa central);Thu Nov 19 2026 16:27:00 GMT+0100 (hora estándar de Europa central)
46127;bloque_maquinas|disco_puente|lot_block_creation|partes_telar|produccion_telar;142;Mon Sep 29 2025 07:39:30 GMT+0200 (hora de verano de Europa central);Thu Nov 19 2026 12:18:00 GMT+0100 (hora estándar de Europa central)
46128;bloque_maquinas|disco_puente|lot_block_creation|partes_telar;19;Mon Sep 29 2025 07:39:56 GMT+0200 (hora de verano de Europa central);Thu Nov 19 2026 08:18:00 GMT+0100 (hora estándar de Europa central)
46313;bloque_maquinas|disco_puente|lot_block_creation|partes_telar;40;Tue Nov 11 2025 16:27:25 GMT+0100 (hora estándar de Europa central);Thu Nov 19 2026 05:44:00 GMT+0100 (hora estándar de Europa central)
46312;bloque_maquinas|disco_puente|lot_block_creation|partes_telar;30;Tue Nov 11 2025 16:26:05 GMT+0100 (hora estándar de Europa central);Wed Nov 18 2026 12:16:00 GMT+0100 (hora estándar de Europa central)
46293;bloque_maquinas|disco_puente|lot_block_creation|partes_telar|produccion_telar;114;Wed Nov 05 2025 12:24:51 GMT+0100 (hora estándar de Europa central);Wed Nov 18 2026 07:24:00 GMT+0100 (hora estándar de Europa central)
46290;bloque_maquinas|disco_puente|lot_block_creation|partes_telar|produccion_telar;124;Tue Nov 04 2025 16:03:21 GMT+0100 (hora estándar de Europa central);Tue Nov 17 2026 16:33:00 GMT+0100 (hora estándar de Europa central)
46025;bloque_maquinas|disco_puente|lot_block_creation|partes_telar;31;Thu Sep 04 2025 13:20:41 GMT+0200 (hora de verano de Europa central);Tue Nov 17 2026 11:13:00 GMT+0100 (hora estándar de Europa central)
46302;bloque_maquinas|lot_block_creation|partes_telar|produccion_telar;369;Fri Nov 07 2025 10:45:28 GMT+0100 (hora estándar de Europa central);Tue Nov 17 2026 09:30:00 GMT+0100 (hora estándar de Europa central)
45981;bloque_maquinas|disco_puente|partes_telar;18;Mon Sep 08 2025 19:45:00 GMT+0200 (hora de verano de Europa central);Tue Nov 17 2026 08:11:00 GMT+0100 (hora estándar de Europa central)
46309;bloque_maquinas|lot_block_creation|partes_telar;7;Tue Nov 11 2025 08:40:04 GMT+0100 (hora estándar de Europa central);Sun Nov 15 2026 07:16:00 GMT+0100 (hora estándar de Europa central)
46211;bloque_maquinas|disco_puente|lot_block_creation|partes_telar|produccion_telar;165;Tue Oct 21 2025 06:29:17 GMT+0200 (hora de verano de Europa central);Sat Nov 14 2026 13:50:00 GMT+0100 (hora estándar de Europa central)
46279;bloque_maquinas|disco_puente|lot_block_creation|partes_telar;23;Fri Oct 31 2025 10:59:18 GMT+0100 (hora estándar de Europa central);Sat Nov 14 2026 06:25:00 GMT+0100 (hora estándar de Europa central)
46284;bloque_maquinas|disco_puente|lot_block_creation|partes_telar|produccion_telar;111;Fri Oct 31 2025 11:42:05 GMT+0100 (hora estándar de Europa central);Fri Nov 13 2026 20:48:00 GMT+0100 (hora estándar de Europa central)
46059;bloque_maquinas|disco_puente|lot_block_creation|partes_telar;13;Wed Sep 10 2025 13:26:36 GMT+0200 (hora de verano de Europa central);Fri Nov 13 2026 15:45:00 GMT+0100 (hora estándar de Europa central)
46221;bloque_maquinas|disco_puente|lot_block_creation|partes_telar;22;Tue Oct 21 2025 14:04:03 GMT+0200 (hora de verano de Europa central);Fri Nov 13 2026 13:37:00 GMT+0100 (hora estándar de Europa central)
46092;bloque_maquinas|disco_puente|lot_block_creation|partes_telar;13;Fri Sep 19 2025 04:29:50 GMT+0200 (hora de verano de Europa central);Fri Nov 13 2026 11:43:00 GMT+0100 (hora estándar de Europa central)
46108;bloque_maquinas|disco_puente|lot_block_creation|partes_telar|produccion_telar;128;Mon Sep 22 2025 13:34:16 GMT+0200 (hora de verano de Europa central);Fri Nov 13 2026 08:50:00 GMT+0100 (hora estándar de Europa central)
46255;bloque_maquinas|disco_puente|lot_block_creation|partes_telar|produccion_telar;132;Fri Oct 24 2025 11:28:50 GMT+0200 (hora de verano de Europa central);Thu Nov 12 2026 18:33:00 GMT+0100 (hora estándar de Europa central)
46289;bloque_maquinas|disco_puente|lot_block_creation|partes_telar;42;Mon Nov 03 2025 12:58:11 GMT+0100 (hora estándar de Europa central);Thu Nov 12 2026 15:26:00 GMT+0100 (hora estándar de Europa central)
46275;bloque_maquinas|disco_puente|lot_block_creation|partes_telar;20;Thu Oct 30 2025 11:27:53 GMT+0100 (hora estándar de Europa central);Thu Nov 12 2026 10:22:00 GMT+0100 (hora estándar de Europa central)
46263;bloque_maquinas|disco_puente|lot_block_creation|partes_telar;36;Wed Oct 29 2025 10:23:40 GMT+0100 (hora estándar de Europa central);Thu Nov 12 2026 06:57:00 GMT+0100 (hora estándar de Europa central)
46147;bloque_maquinas|disco_puente|lot_block_creation|partes_telar;22;Wed Oct 01 2025 13:28:24 GMT+0200 (hora de verano de Europa central);Wed Nov 11 2026 17:56:00 GMT+0100 (hora estándar de Europa central)
46268;bloque_maquinas|disco_puente|lot_block_creation|partes_telar;29;Wed Oct 29 2025 15:02:44 GMT+0100 (hora estándar de Europa central);Wed Nov 11 2026 15:07:00 GMT+0100 (hora estándar de Europa central)
46206;bloque_maquinas|disco_puente|lot_block_creation|partes_telar;19;Mon Oct 20 2025 11:23:01 GMT+0200 (hora de verano de Europa central);Wed Nov 11 2026 08:37:00 GMT+0100 (hora estándar de Europa central)
46215;bloque_maquinas|disco_puente|lot_block_creation|partes_telar|produccion_telar;118;Tue Oct 21 2025 10:41:46 GMT+0200 (hora de verano de Europa central);Wed Nov 11 2026 07:24:00 GMT+0100 (hora estándar de Europa central)
46236;bloque_maquinas|disco_puente|lot_block_creation|partes_telar;26;Thu Oct 23 2025 08:42:57 GMT+0200 (hora de verano de Europa central);Tue Nov 10 2026 16:48:00 GMT+0100 (hora estándar de Europa central)
45642;bloque_maquinas|disco_puente|partes_telar|produccion_telar;75;Thu Oct 16 2025 13:52:00 GMT+0200 (hora de verano de Europa central);Tue Nov 10 2026 12:43:00 GMT+0100 (hora estándar de Europa central)
46198;bloque_maquinas|disco_puente|lot_block_creation|partes_telar|produccion_telar;316;Mon Oct 20 2025 07:14:14 GMT+0200 (hora de verano de Europa central);Tue Nov 10 2026 06:00:00 GMT+0100 (hora estándar de Europa central)
46195;bloque_maquinas|disco_puente|lot_block_creation|partes_telar;25;Mon Oct 20 2025 07:04:43 GMT+0200 (hora de verano de Europa central);Sat Nov 07 2026 10:54:00 GMT+0100 (hora estándar de Europa central)
46172;bloque_maquinas|disco_puente|lot_block_creation|partes_telar|produccion_telar;346;Wed Oct 08 2025 09:47:32 GMT+0200 (hora de verano de Europa central);Sat Nov 07 2026 06:10:00 GMT+0100 (hora estándar de Europa central)
46196;bloque_maquinas|disco_puente|lot_block_creation|partes_telar;19;Mon Oct 20 2025 07:07:26 GMT+0200 (hora de verano de Europa central);Fri Nov 06 2026 16:30:00 GMT+0100 (hora estándar de Europa central)
46286;bloque_maquinas|disco_puente|lot_block_creation|partes_telar|produccion_telar;149;Fri Oct 31 2025 11:48:02 GMT+0100 (hora estándar de Europa central);Fri Nov 06 2026 13:58:00 GMT+0100 (hora estándar de Europa central)
46101;bloque_maquinas|disco_puente|lot_block_creation|partes_telar|produccion_telar;141;Mon Sep 22 2025 13:06:38 GMT+0200 (hora de verano de Europa central);Fri Nov 06 2026 11:15:00 GMT+0100 (hora estándar de Europa central)
46103;bloque_maquinas|disco_puente|lot_block_creation|partes_telar|produccion_telar;21;Mon Sep 22 2025 13:17:30 GMT+0200 (hora de verano de Europa central);Thu Nov 05 2026 18:36:00 GMT+0100 (hora estándar de Europa central)
46096;bloque_maquinas|disco_puente|lot_block_creation;13;Fri Sep 19 2025 04:59:33 GMT+0200 (hora de verano de Europa central);Thu Nov 05 2026 15:08:00 GMT+0100 (hora estándar de Europa central)
46071;bloque_maquinas|disco_puente|lot_block_creation|partes_telar|produccion_telar;629;Fri Sep 12 2025 11:17:30 GMT+0200 (hora de verano de Europa central);Wed Nov 04 2026 13:48:00 GMT+0100 (hora estándar de Europa central)
46070;bloque_maquinas|disco_puente|lot_block_creation|partes_telar|produccion_telar;141;Fri Sep 12 2025 11:13:05 GMT+0200 (hora de verano de Europa central);Wed Nov 04 2026 13:46:00 GMT+0100 (hora estándar de Europa central)
46097;bloque_maquinas|disco_puente|lot_block_creation|partes_telar|produccion_telar;14;Fri Sep 19 2025 11:52:11 GMT+0200 (hora de verano de Europa central);Wed Nov 04 2026 10:16:00 GMT+0100 (hora estándar de Europa central)
46210;bloque_maquinas|disco_puente|lot_block_creation|partes_telar;22;Tue Oct 21 2025 06:26:11 GMT+0200 (hora de verano de Europa central);Wed Nov 04 2026 06:01:00 GMT+0100 (hora estándar de Europa central)
46109;bloque_maquinas|disco_puente|lot_block_creation|partes_telar;20;Mon Sep 22 2025 13:36:50 GMT+0200 (hora de verano de Europa central);Tue Nov 03 2026 14:28:00 GMT+0100 (hora estándar de Europa central)
46026;bloque_maquinas|disco_puente|lot_block_creation|partes_telar;20;Thu Sep 04 2025 13:25:15 GMT+0200 (hora de verano de Europa central);Sat Oct 31 2026 10:54:00 GMT+0100 (hora estándar de Europa central)
45766;bloque_maquinas|disco_puente;12;Wed Sep 17 2025 13:31:00 GMT+0200 (hora de verano de Europa central);Sat Oct 31 2026 09:54:00 GMT+0100 (hora estándar de Europa central)
45765;bloque_maquinas|disco_puente|partes_telar|produccion_telar;66;Wed Jun 25 2025 11:20:00 GMT+0200 (hora de verano de Europa central);Sat Oct 31 2026 07:20:00 GMT+0100 (hora estándar de Europa central)
45633;bloque_maquinas|disco_puente;9;Fri Oct 31 2025 05:33:00 GMT+0100 (hora estándar de Europa central);Sat Oct 31 2026 06:20:00 GMT+0100 (hora estándar de Europa central)
46040;bloque_maquinas|disco_puente|lot_block_creation|partes_telar;23;Mon Sep 08 2025 11:48:45 GMT+0200 (hora de verano de Europa central);Sat Oct 31 2026 05:27:00 GMT+0100 (hora estándar de Europa central)
46231;bloque_maquinas|disco_puente|lot_block_creation|partes_telar;19;Wed Oct 22 2025 13:37:27 GMT+0200 (hora de verano de Europa central);Fri Oct 30 2026 10:16:00 GMT+0100 (hora estándar de Europa central)
46216;bloque_maquinas|disco_puente|lot_block_creation|partes_telar;19;Tue Oct 21 2025 10:45:37 GMT+0200 (hora de verano de Europa central);Fri Oct 30 2026 08:46:00 GMT+0100 (hora estándar de Europa central)
46214;bloque_maquinas|disco_puente|lot_block_creation|partes_telar|produccion_telar;152;Tue Oct 21 2025 10:40:21 GMT+0200 (hora de verano de Europa central);Fri Oct 30 2026 05:44:00 GMT+0100 (hora estándar de Europa central)
46246;bloque_maquinas|disco_puente;9;Wed Oct 29 2025 12:43:00 GMT+0100 (hora estándar de Europa central);Thu Oct 29 2026 12:45:00 GMT+0100 (hora estándar de Europa central)
45786;bloque_maquinas|disco_puente|partes_telar;45;Wed Oct 08 2025 11:50:00 GMT+0200 (hora de verano de Europa central);Thu Oct 29 2026 07:20:00 GMT+0100 (hora estándar de Europa central)
45787;bloque_maquinas|disco_puente|partes_telar|produccion_telar;81;Wed Oct 08 2025 19:25:00 GMT+0200 (hora de verano de Europa central);Wed Oct 28 2026 17:07:00 GMT+0100 (hora estándar de Europa central)
45659;bloque_maquinas|disco_puente|partes_telar;37;Thu Oct 09 2025 06:18:00 GMT+0200 (hora de verano de Europa central);Wed Oct 28 2026 14:24:00 GMT+0100 (hora estándar de Europa central)
45916;bloque_maquinas|disco_puente|partes_telar;34;Fri Oct 17 2025 10:48:00 GMT+0200 (hora de verano de Europa central);Sat Oct 24 2026 11:54:00 GMT+0200 (hora de verano de Europa central)
45915;bloque_maquinas|disco_puente|partes_telar|produccion_telar;75;Mon Oct 13 2025 19:29:00 GMT+0200 (hora de verano de Europa central);Thu Oct 22 2026 15:56:00 GMT+0200 (hora de verano de Europa central)
45589;bloque_maquinas|disco_puente|partes_telar;20;Wed Oct 22 2025 06:16:00 GMT+0200 (hora de verano de Europa central);Thu Oct 22 2026 09:28:00 GMT+0200 (hora de verano de Europa central)
45518;bloque_maquinas|disco_puente;18;Tue Oct 21 2025 18:56:00 GMT+0200 (hora de verano de Europa central);Wed Oct 21 2026 19:45:00 GMT+0200 (hora de verano de Europa central)
46021;bloque_maquinas|disco_puente|lot_block_creation|partes_telar;24;Wed Sep 03 2025 11:23:30 GMT+0200 (hora de verano de Europa central);Wed Oct 21 2026 18:52:00 GMT+0200 (hora de verano de Europa central)
44998;bloque_maquinas|disco_puente;13;Tue Oct 21 2025 08:58:00 GMT+0200 (hora de verano de Europa central);Wed Oct 21 2026 12:30:00 GMT+0200 (hora de verano de Europa central)
45908;bloque_maquinas|disco_puente|partes_telar|produccion_telar;162;Mon Jul 14 2025 10:52:00 GMT+0200 (hora de verano de Europa central);Tue Oct 20 2026 18:02:00 GMT+0200 (hora de verano de Europa central)
45942;bloque_maquinas|disco_puente|partes_telar;19;Sat Jul 26 2025 10:28:00 GMT+0200 (hora de verano de Europa central);Tue Oct 20 2026 14:41:00 GMT+0200 (hora de verano de Europa central)
45966;bloque_maquinas|disco_puente|partes_telar;41;Wed Sep 10 2025 13:01:00 GMT+0200 (hora de verano de Europa central);Tue Oct 20 2026 13:05:00 GMT+0200 (hora de verano de Europa central)
46053;bloque_maquinas|disco_puente|lot_block_creation|partes_telar;38;Tue Sep 09 2025 11:46:53 GMT+0200 (hora de verano de Europa central);Sat Oct 17 2026 18:48:00 GMT+0200 (hora de verano de Europa central)
46134;bloque_maquinas|disco_puente|lot_block_creation|partes_telar|produccion_telar;525;Tue Sep 30 2025 09:02:15 GMT+0200 (hora de verano de Europa central);Sat Oct 17 2026 14:06:00 GMT+0200 (hora de verano de Europa central)
45968;bloque_maquinas|disco_puente|partes_telar|produccion_telar;237;Tue Oct 07 2025 18:52:00 GMT+0200 (hora de verano de Europa central);Sat Oct 17 2026 14:03:00 GMT+0200 (hora de verano de Europa central)
45955;bloque_maquinas|disco_puente|partes_telar;18;Mon Sep 15 2025 08:03:00 GMT+0200 (hora de verano de Europa central);Sat Oct 17 2026 11:41:00 GMT+0200 (hora de verano de Europa central)
46137;bloque_maquinas|disco_puente|lot_block_creation|partes_telar|produccion_telar;184;Tue Sep 30 2025 13:16:23 GMT+0200 (hora de verano de Europa central);Sat Oct 17 2026 10:03:00 GMT+0200 (hora de verano de Europa central)
46117;bloque_maquinas|disco_puente|lot_block_creation|partes_telar|produccion_telar;120;Tue Sep 23 2025 07:51:22 GMT+0200 (hora de verano de Europa central);Sat Oct 17 2026 03:52:00 GMT+0200 (hora de verano de Europa central)
46099;bloque_maquinas|disco_puente|lot_block_creation|partes_telar|produccion_telar;138;Fri Sep 19 2025 11:56:47 GMT+0200 (hora de verano de Europa central);Fri Oct 16 2026 13:28:00 GMT+0200 (hora de verano de Europa central)
45910;bloque_maquinas|disco_puente|partes_telar|produccion_telar;498;Fri Sep 26 2025 07:20:00 GMT+0200 (hora de verano de Europa central);Fri Oct 16 2026 05:32:00 GMT+0200 (hora de verano de Europa central)
45815;bloque_maquinas|disco_puente|partes_telar|produccion_telar;181;Tue Sep 16 2025 06:33:00 GMT+0200 (hora de verano de Europa central);Thu Oct 15 2026 09:56:00 GMT+0200 (hora de verano de Europa central)
46064;bloque_maquinas|disco_puente|lot_block_creation|partes_telar|produccion_telar;114;Thu Sep 11 2025 14:16:52 GMT+0200 (hora de verano de Europa central);Wed Oct 14 2026 09:05:00 GMT+0200 (hora de verano de Europa central)
45896;bloque_maquinas|disco_puente|partes_telar;52;Fri Sep 26 2025 18:26:00 GMT+0200 (hora de verano de Europa central);Sat Oct 03 2026 18:45:00 GMT+0200 (hora de verano de Europa central)
46069;bloque_maquinas|disco_puente|lot_block_creation|partes_telar;33;Fri Sep 12 2025 11:09:50 GMT+0200 (hora de verano de Europa central);Sat Oct 03 2026 14:45:00 GMT+0200 (hora de verano de Europa central)
45619;bloque_maquinas|disco_puente|partes_telar;32;Wed Sep 10 2025 06:31:00 GMT+0200 (hora de verano de Europa central);Fri Oct 02 2026 16:27:00 GMT+0200 (hora de verano de Europa central)
45608;bloque_maquinas|disco_puente|partes_telar;29;Wed Sep 10 2025 06:33:00 GMT+0200 (hora de verano de Europa central);Fri Oct 02 2026 07:01:00 GMT+0200 (hora de verano de Europa central)
46081;bloque_maquinas|disco_puente|lot_block_creation|partes_telar;35;Tue Sep 16 2025 14:50:20 GMT+0200 (hora de verano de Europa central);Fri Oct 02 2026 05:58:00 GMT+0200 (hora de verano de Europa central)
46052;bloque_maquinas|disco_puente|lot_block_creation|partes_telar|produccion_telar;187;Tue Sep 09 2025 09:09:33 GMT+0200 (hora de verano de Europa central);Thu Oct 01 2026 15:41:00 GMT+0200 (hora de verano de Europa central)
42819;bloque_maquinas|disco_puente;6;Wed Oct 01 2025 07:45:00 GMT+0200 (hora de verano de Europa central);Thu Oct 01 2026 07:45:00 GMT+0200 (hora de verano de Europa central)
46119;bloque_maquinas|disco_puente|lot_block_creation|partes_telar;28;Tue Sep 23 2025 10:07:30 GMT+0200 (hora de verano de Europa central);Wed Sep 30 2026 18:37:00 GMT+0200 (hora de verano de Europa central)
45941;bloque_maquinas|disco_puente|partes_telar;33;Tue Sep 09 2025 09:52:00 GMT+0200 (hora de verano de Europa central);Wed Sep 30 2026 16:18:00 GMT+0200 (hora de verano de Europa central)
46106;bloque_maquinas|disco_puente|lot_block_creation|partes_telar;22;Mon Sep 22 2025 13:28:02 GMT+0200 (hora de verano de Europa central);Wed Sep 30 2026 09:39:00 GMT+0200 (hora de verano de Europa central)
46022;bloque_maquinas|disco_puente|lot_block_creation|partes_telar|produccion_telar;106;Wed Sep 03 2025 11:32:47 GMT+0200 (hora de verano de Europa central);Tue Sep 29 2026 18:56:00 GMT+0200 (hora de verano de Europa central)
45924;bloque_maquinas|disco_puente|partes_telar;30;Fri Sep 12 2025 16:41:00 GMT+0200 (hora de verano de Europa central);Tue Sep 29 2026 11:43:00 GMT+0200 (hora de verano de Europa central)
45940;bloque_maquinas|disco_puente|partes_telar;16;Wed Sep 17 2025 06:00:00 GMT+0200 (hora de verano de Europa central);Tue Sep 29 2026 06:05:00 GMT+0200 (hora de verano de Europa central)
45586;bloque_maquinas|disco_puente;24;Fri Sep 26 2025 12:48:00 GMT+0200 (hora de verano de Europa central);Tue Sep 29 2026 04:31:00 GMT+0200 (hora de verano de Europa central)
46095;bloque_maquinas|disco_puente|lot_block_creation|partes_telar|produccion_telar;115;Fri Sep 19 2025 04:49:36 GMT+0200 (hora de verano de Europa central);Sat Sep 26 2026 13:41:00 GMT+0200 (hora de verano de Europa central)
45967;bloque_maquinas|disco_puente|partes_telar|produccion_telar;160;Tue Sep 02 2025 14:38:00 GMT+0200 (hora de verano de Europa central);Fri Sep 25 2026 18:07:00 GMT+0200 (hora de verano de Europa central)
45890;bloque_maquinas|disco_puente|partes_telar|produccion_telar;350;Fri Jul 11 2025 08:46:00 GMT+0200 (hora de verano de Europa central);Fri Sep 25 2026 16:56:00 GMT+0200 (hora de verano de Europa central)
45556;bloque_maquinas|disco_puente;25;Mon Jul 07 2025 10:22:00 GMT+0200 (hora de verano de Europa central);Fri Sep 25 2026 11:05:00 GMT+0200 (hora de verano de Europa central)
45294;bloque_maquinas|disco_puente;26;Thu Sep 25 2025 05:30:00 GMT+0200 (hora de verano de Europa central);Fri Sep 25 2026 06:39:00 GMT+0200 (hora de verano de Europa central)
46091;bloque_maquinas|disco_puente|lot_block_creation|partes_telar;21;Fri Sep 19 2025 04:07:14 GMT+0200 (hora de verano de Europa central);Fri Sep 25 2026 05:28:00 GMT+0200 (hora de verano de Europa central)
45919;bloque_maquinas|disco_puente|partes_telar|produccion_telar;268;Tue Jul 15 2025 17:42:00 GMT+0200 (hora de verano de Europa central);Thu Sep 24 2026 14:04:00 GMT+0200 (hora de verano de Europa central)
45920;bloque_maquinas|disco_puente;27;Wed Sep 24 2025 10:00:00 GMT+0200 (hora de verano de Europa central);Thu Sep 24 2026 12:48:00 GMT+0200 (hora de verano de Europa central)
46082;bloque_maquinas|disco_puente|lot_block_creation|partes_telar|produccion_telar;101;Wed Sep 17 2025 11:07:33 GMT+0200 (hora de verano de Europa central);Wed Sep 23 2026 19:12:00 GMT+0200 (hora de verano de Europa central)
46083;bloque_maquinas|disco_puente|lot_block_creation|partes_telar|produccion_telar;135;Wed Sep 17 2025 11:11:36 GMT+0200 (hora de verano de Europa central);Wed Sep 23 2026 12:16:00 GMT+0200 (hora de verano de Europa central)
45897;bloque_maquinas|disco_puente|partes_telar|produccion_telar;134;Fri Sep 05 2025 11:50:00 GMT+0200 (hora de verano de Europa central);Wed Sep 23 2026 06:00:00 GMT+0200 (hora de verano de Europa central)
45923;bloque_maquinas|disco_puente;34;Fri Sep 12 2025 06:22:00 GMT+0200 (hora de verano de Europa central);Tue Sep 22 2026 14:11:00 GMT+0200 (hora de verano de Europa central)
45293;bloque_maquinas|disco_puente;3;Mon Sep 22 2025 12:54:00 GMT+0200 (hora de verano de Europa central);Tue Sep 22 2026 12:54:00 GMT+0200 (hora de verano de Europa central)
45795;bloque_maquinas|disco_puente|partes_telar;40;Mon Sep 08 2025 11:07:00 GMT+0200 (hora de verano de Europa central);Tue Sep 22 2026 11:11:00 GMT+0200 (hora de verano de Europa central)
45930;bloque_maquinas|disco_puente|partes_telar|produccion_telar;81;Thu Jul 17 2025 18:48:00 GMT+0200 (hora de verano de Europa central);Tue Sep 22 2026 08:58:00 GMT+0200 (hora de verano de Europa central)
45937;bloque_maquinas|disco_puente|partes_telar|produccion_telar;77;Fri Jul 25 2025 12:39:00 GMT+0200 (hora de verano de Europa central);Sat Sep 19 2026 18:04:00 GMT+0200 (hora de verano de Europa central)
45950;bloque_maquinas|disco_puente|partes_telar|produccion_telar;285;Wed Jul 30 2025 19:12:00 GMT+0200 (hora de verano de Europa central);Sat Sep 19 2026 05:18:00 GMT+0200 (hora de verano de Europa central)
45963;bloque_maquinas|disco_puente|partes_telar;17;Wed Sep 10 2025 06:31:00 GMT+0200 (hora de verano de Europa central);Fri Sep 18 2026 17:34:00 GMT+0200 (hora de verano de Europa central)
45949;bloque_maquinas|disco_puente|partes_telar|produccion_telar;101;Fri Sep 05 2025 07:54:00 GMT+0200 (hora de verano de Europa central);Fri Sep 18 2026 14:10:00 GMT+0200 (hora de verano de Europa central)
45779;bloque_maquinas|disco_puente;22;Wed Sep 17 2025 18:34:00 GMT+0200 (hora de verano de Europa central);Fri Sep 18 2026 09:11:00 GMT+0200 (hora de verano de Europa central)
45346;bloque_maquinas|disco_puente;12;Wed Sep 17 2025 12:18:00 GMT+0200 (hora de verano de Europa central);Thu Sep 17 2026 12:37:00 GMT+0200 (hora de verano de Europa central)
44906;bloque_maquinas|disco_puente;8;Wed Sep 17 2025 07:58:00 GMT+0200 (hora de verano de Europa central);Thu Sep 17 2026 10:20:00 GMT+0200 (hora de verano de Europa central)
46051;bloque_maquinas|disco_puente|lot_block_creation|partes_telar|produccion_telar;178;Tue Sep 09 2025 09:06:38 GMT+0200 (hora de verano de Europa central);Wed Sep 16 2026 19:00:00 GMT+0200 (hora de verano de Europa central)
46058;bloque_maquinas|disco_puente|lot_block_creation|partes_telar;33;Wed Sep 10 2025 13:22:44 GMT+0200 (hora de verano de Europa central);Wed Sep 16 2026 11:41:00 GMT+0200 (hora de verano de Europa central)
45961;bloque_maquinas|disco_puente|partes_telar;17;Mon Sep 08 2025 04:28:00 GMT+0200 (hora de verano de Europa central);Wed Sep 16 2026 06:11:00 GMT+0200 (hora de verano de Europa central)
45945;bloque_maquinas|disco_puente|partes_telar|produccion_telar;89;Fri Jul 25 2025 06:16:00 GMT+0200 (hora de verano de Europa central);Tue Sep 15 2026 11:16:00 GMT+0200 (hora de verano de Europa central)
45902;bloque_maquinas|disco_puente|partes_telar|produccion_telar;176;Thu Jul 24 2025 10:56:00 GMT+0200 (hora de verano de Europa central);Sat Sep 12 2026 16:49:00 GMT+0200 (hora de verano de Europa central)
45855;bloque_maquinas|disco_puente|partes_telar|produccion_telar;125;Wed Jul 02 2025 11:41:00 GMT+0200 (hora de verano de Europa central);Sat Sep 12 2026 15:11:00 GMT+0200 (hora de verano de Europa central)
45721;bloque_maquinas|disco_puente;9;Fri Sep 12 2025 11:18:00 GMT+0200 (hora de verano de Europa central);Sat Sep 12 2026 12:41:00 GMT+0200 (hora de verano de Europa central)
45911;bloque_maquinas|disco_puente|partes_telar|produccion_telar;93;Fri Jul 18 2025 11:20:00 GMT+0200 (hora de verano de Europa central);Sat Sep 12 2026 11:13:00 GMT+0200 (hora de verano de Europa central)
45739;bloque_maquinas|disco_puente;16;Thu Sep 11 2025 18:48:00 GMT+0200 (hora de verano de Europa central);Fri Sep 11 2026 19:03:00 GMT+0200 (hora de verano de Europa central)
45814;bloque_maquinas|disco_puente;8;Thu Sep 11 2025 13:31:00 GMT+0200 (hora de verano de Europa central);Fri Sep 11 2026 14:53:00 GMT+0200 (hora de verano de Europa central)
45943;bloque_maquinas|disco_puente|partes_telar|produccion_telar;135;Mon Jul 28 2025 06:39:00 GMT+0200 (hora de verano de Europa central);Thu Sep 10 2026 19:45:00 GMT+0200 (hora de verano de Europa central)
45944;bloque_maquinas|disco_puente|partes_telar;33;Fri Sep 05 2025 05:08:00 GMT+0200 (hora de verano de Europa central);Thu Sep 10 2026 11:56:00 GMT+0200 (hora de verano de Europa central)
46004;bloque_maquinas|disco_puente|lot_block_creation|partes_telar|produccion_telar;97;Mon Sep 01 2025 09:07:05 GMT+0200 (hora de verano de Europa central);Thu Sep 10 2026 04:57:00 GMT+0200 (hora de verano de Europa central)
45980;bloque_maquinas|disco_puente|partes_telar|produccion_telar;171;Tue Sep 02 2025 14:00:00 GMT+0200 (hora de verano de Europa central);Wed Sep 09 2026 18:15:00 GMT+0200 (hora de verano de Europa central)
45954;bloque_maquinas|disco_puente|partes_telar|produccion_telar;89;Tue Jul 29 2025 11:18:00 GMT+0200 (hora de verano de Europa central);Tue Sep 08 2026 11:52:00 GMT+0200 (hora de verano de Europa central)
45684;bloque_maquinas|disco_puente;8;Fri Sep 05 2025 13:22:00 GMT+0200 (hora de verano de Europa central);Sat Sep 05 2026 14:26:00 GMT+0200 (hora de verano de Europa central)
45750;bloque_maquinas|disco_puente;8;Thu Sep 04 2025 16:32:00 GMT+0200 (hora de verano de Europa central);Fri Sep 04 2026 18:00:00 GMT+0200 (hora de verano de Europa central)
45691;bloque_maquinas|disco_puente;19;Thu Sep 04 2025 12:18:00 GMT+0200 (hora de verano de Europa central);Fri Sep 04 2026 16:30:00 GMT+0200 (hora de verano de Europa central)
45938;bloque_maquinas|disco_puente|partes_telar|produccion_telar;110;Thu Jul 24 2025 10:54:00 GMT+0200 (hora de verano de Europa central);Fri Sep 04 2026 10:39:00 GMT+0200 (hora de verano de Europa central)
45891;bloque_maquinas|disco_puente|partes_telar|produccion_telar;108;Thu Jul 10 2025 13:43:00 GMT+0200 (hora de verano de Europa central);Fri Sep 04 2026 08:35:00 GMT+0200 (hora de verano de Europa central)
45885;bloque_maquinas|disco_puente|partes_telar|produccion_telar;545;Tue Jul 29 2025 11:18:00 GMT+0200 (hora de verano de Europa central);Fri Sep 04 2026 06:11:00 GMT+0200 (hora de verano de Europa central)
45492;bloque_maquinas|disco_puente;23;Thu Jul 24 2025 06:20:00 GMT+0200 (hora de verano de Europa central);Thu Sep 03 2026 09:37:00 GMT+0200 (hora de verano de Europa central)
45796;bloque_maquinas|disco_puente;40;Fri Jul 25 2025 11:00:00 GMT+0200 (hora de verano de Europa central);Thu Sep 03 2026 08:48:00 GMT+0200 (hora de verano de Europa central)
45899;bloque_maquinas|disco_puente;40;Fri Jul 25 2025 07:58:00 GMT+0200 (hora de verano de Europa central);Thu Sep 03 2026 06:16:00 GMT+0200 (hora de verano de Europa central)
45854;bloque_maquinas|disco_puente;35;Tue Sep 02 2025 11:35:00 GMT+0200 (hora de verano de Europa central);Wed Sep 02 2026 17:34:00 GMT+0200 (hora de verano de Europa central)
45959;bloque_maquinas|disco_puente|partes_telar;14;Mon Sep 01 2025 07:56:00 GMT+0200 (hora de verano de Europa central);Wed Sep 02 2026 11:43:00 GMT+0200 (hora de verano de Europa central)
45626;bloque_maquinas|disco_puente;19;Tue Sep 02 2025 05:30:00 GMT+0200 (hora de verano de Europa central);Wed Sep 02 2026 07:16:00 GMT+0200 (hora de verano de Europa central)
45918;bloque_maquinas|disco_puente;29;Thu Jul 31 2025 04:18:00 GMT+0200 (hora de verano de Europa central);Tue Sep 01 2026 19:44:00 GMT+0200 (hora de verano de Europa central)
45533;bloque_maquinas|disco_puente;27;Mon Sep 01 2025 11:43:00 GMT+0200 (hora de verano de Europa central);Tue Sep 01 2026 17:47:00 GMT+0200 (hora de verano de Europa central)
45558;bloque_maquinas|disco_puente|produccion_telar;28;Mon May 05 2025 03:59:00 GMT+0200 (hora de verano de Europa central);Tue Sep 01 2026 08:43:00 GMT+0200 (hora de verano de Europa central)
45901;bloque_maquinas|disco_puente|partes_telar|produccion_telar;98;Fri Jul 11 2025 14:41:00 GMT+0200 (hora de verano de Europa central);Thu Jul 30 2026 19:25:00 GMT+0200 (hora de verano de Europa central)
45922;bloque_maquinas|disco_puente|partes_telar|produccion_telar;98;Sat Jul 19 2025 10:18:00 GMT+0200 (hora de verano de Europa central);Thu Jul 30 2026 13:43:00 GMT+0200 (hora de verano de Europa central)
45653;bloque_maquinas|disco_puente;19;Tue Jul 29 2025 16:36:00 GMT+0200 (hora de verano de Europa central);Wed Jul 29 2026 16:36:00 GMT+0200 (hora de verano de Europa central)
45761;bloque_maquinas|disco_puente|partes_telar|produccion_telar;97;Fri Jun 27 2025 12:52:00 GMT+0200 (hora de verano de Europa central);Wed Jul 29 2026 16:12:00 GMT+0200 (hora de verano de Europa central)
45921;bloque_maquinas|disco_puente|partes_telar|produccion_telar;108;Thu Jul 17 2025 05:34:00 GMT+0200 (hora de verano de Europa central);Wed Jul 29 2026 09:18:00 GMT+0200 (hora de verano de Europa central)
45904;bloque_maquinas|disco_puente|partes_telar|produccion_telar;140;Wed Jul 23 2025 04:48:00 GMT+0200 (hora de verano de Europa central);Tue Jul 28 2026 19:11:00 GMT+0200 (hora de verano de Europa central)
45877;bloque_maquinas|disco_puente|partes_telar|produccion_telar;264;Mon Jul 21 2025 18:57:00 GMT+0200 (hora de verano de Europa central);Tue Jul 28 2026 13:03:00 GMT+0200 (hora de verano de Europa central)
45816;bloque_maquinas|disco_puente|partes_telar|produccion_telar;102;Mon Jul 14 2025 10:52:00 GMT+0200 (hora de verano de Europa central);Tue Jul 28 2026 12:15:00 GMT+0200 (hora de verano de Europa central)
45669;bloque_maquinas|disco_puente;26;Fri Jul 18 2025 05:26:00 GMT+0200 (hora de verano de Europa central);Tue Jul 28 2026 05:37:00 GMT+0200 (hora de verano de Europa central)
45892;bloque_maquinas|disco_puente;15;Thu Jul 24 2025 15:00:00 GMT+0200 (hora de verano de Europa central);Fri Jul 24 2026 18:40:00 GMT+0200 (hora de verano de Europa central)
45651;bloque_maquinas|disco_puente|partes_telar;12;Tue Jun 03 2025 05:37:00 GMT+0200 (hora de verano de Europa central);Fri Jul 24 2026 11:28:00 GMT+0200 (hora de verano de Europa central)
45832;bloque_maquinas|disco_puente|partes_telar|produccion_telar;91;Mon Jun 30 2025 10:43:00 GMT+0200 (hora de verano de Europa central);Fri Jul 24 2026 10:41:00 GMT+0200 (hora de verano de Europa central)
45914;bloque_maquinas|disco_puente|partes_telar|produccion_telar;137;Thu Jul 17 2025 19:36:00 GMT+0200 (hora de verano de Europa central);Thu Jul 23 2026 18:57:00 GMT+0200 (hora de verano de Europa central)
45889;bloque_maquinas|disco_puente|partes_telar|produccion_telar;126;Mon Jul 21 2025 05:15:00 GMT+0200 (hora de verano de Europa central);Thu Jul 23 2026 17:42:00 GMT+0200 (hora de verano de Europa central)
45839;bloque_maquinas|disco_puente|partes_telar|produccion_telar;113;Mon Jun 30 2025 18:21:00 GMT+0200 (hora de verano de Europa central);Wed Jul 22 2026 19:15:00 GMT+0200 (hora de verano de Europa central)
45917;bloque_maquinas|disco_puente|partes_telar|produccion_telar;135;Thu Jul 17 2025 05:33:00 GMT+0200 (hora de verano de Europa central);Wed Jul 22 2026 14:11:00 GMT+0200 (hora de verano de Europa central)
45903;bloque_maquinas|disco_puente|partes_telar|produccion_telar;214;Thu Jun 26 2025 17:49:00 GMT+0200 (hora de verano de Europa central);Wed Jul 22 2026 11:33:00 GMT+0200 (hora de verano de Europa central)
45831;bloque_maquinas|disco_puente;14;Mon Jul 21 2025 12:33:00 GMT+0200 (hora de verano de Europa central);Tue Jul 21 2026 15:37:00 GMT+0200 (hora de verano de Europa central)
45546;bloque_maquinas|disco_puente;19;Tue Jul 15 2025 18:48:00 GMT+0200 (hora de verano de Europa central);Thu Jul 16 2026 03:55:00 GMT+0200 (hora de verano de Europa central)
45621;bloque_maquinas|disco_puente|partes_telar|produccion_telar;179;Sat May 17 2025 08:11:00 GMT+0200 (hora de verano de Europa central);Wed Jul 15 2026 04:00:00 GMT+0200 (hora de verano de Europa central)
45790;bloque_maquinas|disco_puente;39;Wed Jul 09 2025 15:55:00 GMT+0200 (hora de verano de Europa central);Fri Jul 10 2026 09:03:00 GMT+0200 (hora de verano de Europa central)
45382;bloque_maquinas|disco_puente;27;Tue Jul 08 2025 16:49:00 GMT+0200 (hora de verano de Europa central);Wed Jul 08 2026 19:49:00 GMT+0200 (hora de verano de Europa central)
45360;bloque_maquinas|disco_puente;29;Mon Jul 07 2025 18:30:00 GMT+0200 (hora de verano de Europa central);Wed Jul 08 2026 05:12:00 GMT+0200 (hora de verano de Europa central)
45826;bloque_maquinas|disco_puente|partes_telar;16;Fri Jun 27 2025 12:50:00 GMT+0200 (hora de verano de Europa central);Thu Jul 02 2026 06:58:00 GMT+0200 (hora de verano de Europa central)
47187;bloque_maquinas|lot_block_creation|partes_telar|produccion_telar;204;Fri Jun 05 2026 11:55:19 GMT+0200 (hora de verano de Europa central);Sun Jun 14 2026 19:15:00 GMT+0200 (hora de verano de Europa central)
47220;bloque_maquinas|lot_block_creation|partes_telar|produccion_telar;33;Wed Jun 10 2026 14:59:59 GMT+0200 (hora de verano de Europa central);Sat Jun 13 2026 10:43:00 GMT+0200 (hora de verano de Europa central)
47194;bloque_maquinas|lot_block_creation|partes_telar|produccion_telar;61;Wed Jun 10 2026 09:44:38 GMT+0200 (hora de verano de Europa central);Sat Jun 13 2026 10:43:00 GMT+0200 (hora de verano de Europa central)
47177;bloque_maquinas|lot_block_creation|partes_telar|produccion_telar;51;Thu Jun 04 2026 05:10:30 GMT+0200 (hora de verano de Europa central);Sat Jun 13 2026 10:39:00 GMT+0200 (hora de verano de Europa central)
47156;bloque_maquinas|lot_block_creation|partes_telar|produccion_telar;122;Mon Jun 01 2026 11:21:40 GMT+0200 (hora de verano de Europa central);Sat Jun 13 2026 10:37:00 GMT+0200 (hora de verano de Europa central)
47189;bloque_maquinas|lot_block_creation|partes_telar;3;Tue Jun 09 2026 08:40:57 GMT+0200 (hora de verano de Europa central);Sat Jun 13 2026 08:24:34 GMT+0200 (hora de verano de Europa central)
47188;bloque_maquinas|lot_block_creation|partes_telar|produccion_telar;56;Tue Jun 09 2026 08:38:27 GMT+0200 (hora de verano de Europa central);Sat Jun 13 2026 06:13:00 GMT+0200 (hora de verano de Europa central)
47229;bloque_maquinas|lot_block_creation|partes_telar;3;Thu Jun 11 2026 11:27:24 GMT+0200 (hora de verano de Europa central);Sat Jun 13 2026 05:59:28 GMT+0200 (hora de verano de Europa central)
47203;bloque_maquinas|lot_block_creation|partes_telar;3;Wed Jun 10 2026 13:09:43 GMT+0200 (hora de verano de Europa central);Sat Jun 13 2026 05:54:50 GMT+0200 (hora de verano de Europa central)
45418;bloque_maquinas|disco_puente|partes_telar|produccion_telar;548;Fri Mar 20 2026 10:03:00 GMT+0100 (hora estándar de Europa central);Fri Jun 12 2026 19:57:00 GMT+0200 (hora de verano de Europa central)
47228;bloque_maquinas|lot_block_creation|partes_telar;6;Thu Jun 11 2026 11:24:45 GMT+0200 (hora de verano de Europa central);Fri Jun 12 2026 19:11:00 GMT+0200 (hora de verano de Europa central)
47227;bloque_maquinas|lot_block_creation|partes_telar;6;Thu Jun 11 2026 11:19:08 GMT+0200 (hora de verano de Europa central);Fri Jun 12 2026 19:11:00 GMT+0200 (hora de verano de Europa central)
47178;bloque_maquinas|lot_block_creation|partes_telar|produccion_telar;133;Thu Jun 04 2026 05:12:22 GMT+0200 (hora de verano de Europa central);Fri Jun 12 2026 18:10:00 GMT+0200 (hora de verano de Europa central)
47193;bloque_maquinas|lot_block_creation|partes_telar|produccion_telar;106;Wed Jun 10 2026 09:42:39 GMT+0200 (hora de verano de Europa central);Fri Jun 12 2026 17:41:00 GMT+0200 (hora de verano de Europa central)
47226;bloque_maquinas|lot_block_creation|partes_telar;6;Thu Jun 11 2026 11:15:22 GMT+0200 (hora de verano de Europa central);Fri Jun 12 2026 16:29:00 GMT+0200 (hora de verano de Europa central)
47130;bloque_maquinas|lot_block_creation|partes_telar|produccion_telar;161;Fri May 22 2026 10:16:40 GMT+0200 (hora de verano de Europa central);Fri Jun 12 2026 14:48:00 GMT+0200 (hora de verano de Europa central)
47190;bloque_maquinas|lot_block_creation|partes_telar;7;Tue Jun 09 2026 08:43:34 GMT+0200 (hora de verano de Europa central);Fri Jun 12 2026 14:12:00 GMT+0200 (hora de verano de Europa central)
47080;bloque_maquinas|disco_puente|lot_block_creation|partes_telar|produccion_telar;432;Wed May 13 2026 10:19:51 GMT+0200 (hora de verano de Europa central);Fri Jun 12 2026 12:50:00 GMT+0200 (hora de verano de Europa central)
47163;bloque_maquinas|lot_block_creation|partes_telar;7;Mon Jun 01 2026 13:58:56 GMT+0200 (hora de verano de Europa central);Fri Jun 12 2026 08:26:00 GMT+0200 (hora de verano de Europa central)
47035;bloque_maquinas|lot_block_creation|partes_telar;6;Tue May 05 2026 15:23:40 GMT+0200 (hora de verano de Europa central);Fri Jun 12 2026 05:30:00 GMT+0200 (hora de verano de Europa central)
47158;bloque_maquinas|lot_block_creation|partes_telar|produccion_telar;96;Mon Jun 01 2026 11:28:58 GMT+0200 (hora de verano de Europa central);Thu Jun 11 2026 17:25:00 GMT+0200 (hora de verano de Europa central)
46481;bloque_maquinas|lot_block_creation|partes_telar;6;Tue Dec 23 2025 16:20:47 GMT+0100 (hora estándar de Europa central);Thu Jun 11 2026 15:04:00 GMT+0200 (hora de verano de Europa central)
47184;bloque_maquinas|lot_block_creation|partes_telar;8;Thu Jun 04 2026 11:43:27 GMT+0200 (hora de verano de Europa central);Thu Jun 11 2026 14:22:00 GMT+0200 (hora de verano de Europa central)
47101;bloque_maquinas|lot_block_creation|partes_telar|produccion_telar;252;Mon May 18 2026 14:16:24 GMT+0200 (hora de verano de Europa central);Thu Jun 11 2026 13:28:00 GMT+0200 (hora de verano de Europa central)
47186;bloque_maquinas|lot_block_creation|partes_telar|produccion_telar;268;Fri Jun 05 2026 11:51:48 GMT+0200 (hora de verano de Europa central);Thu Jun 11 2026 12:46:00 GMT+0200 (hora de verano de Europa central)
47162;bloque_maquinas|lot_block_creation|partes_telar|produccion_telar;117;Mon Jun 01 2026 11:39:55 GMT+0200 (hora de verano de Europa central);Thu Jun 11 2026 10:20:00 GMT+0200 (hora de verano de Europa central)
47087;bloque_maquinas|lot_block_creation|partes_telar;6;Thu May 14 2026 06:38:29 GMT+0200 (hora de verano de Europa central);Thu Jun 11 2026 10:20:00 GMT+0200 (hora de verano de Europa central)
47185;bloque_maquinas|lot_block_creation|partes_telar;6;Thu Jun 04 2026 11:44:37 GMT+0200 (hora de verano de Europa central);Thu Jun 11 2026 10:18:00 GMT+0200 (hora de verano de Europa central)
47153;bloque_maquinas|lot_block_creation|partes_telar;6;Mon Jun 01 2026 11:12:46 GMT+0200 (hora de verano de Europa central);Thu Jun 11 2026 10:18:00 GMT+0200 (hora de verano de Europa central)
46977;bloque_maquinas|disco_puente|lot_block_creation|partes_telar;20;Thu Apr 23 2026 08:40:09 GMT+0200 (hora de verano de Europa central);Thu Jun 11 2026 09:20:00 GMT+0200 (hora de verano de Europa central)
47170;bloque_maquinas|disco_puente|lot_block_creation|partes_telar|produccion_telar;109;Tue Jun 02 2026 11:18:04 GMT+0200 (hora de verano de Europa central);Thu Jun 11 2026 05:37:00 GMT+0200 (hora de verano de Europa central)
47143;bloque_maquinas|disco_puente|lot_block_creation|partes_telar|produccion_telar;102;Thu May 28 2026 14:57:15 GMT+0200 (hora de verano de Europa central);Wed Jun 10 2026 18:03:00 GMT+0200 (hora de verano de Europa central)
47159;bloque_maquinas|disco_puente|lot_block_creation|partes_telar|produccion_telar;109;Mon Jun 01 2026 11:32:50 GMT+0200 (hora de verano de Europa central);Wed Jun 10 2026 09:33:00 GMT+0200 (hora de verano de Europa central)
46982;bloque_maquinas|lot_block_creation|partes_telar;6;Thu Apr 23 2026 11:37:19 GMT+0200 (hora de verano de Europa central);Wed Jun 10 2026 09:28:00 GMT+0200 (hora de verano de Europa central)
46965;bloque_maquinas|disco_puente|lot_block_creation|partes_telar;24;Tue Apr 21 2026 13:52:10 GMT+0200 (hora de verano de Europa central);Wed Jun 10 2026 06:11:00 GMT+0200 (hora de verano de Europa central)
47069;bloque_maquinas|lot_block_creation|partes_telar;6;Tue May 12 2026 08:53:25 GMT+0200 (hora de verano de Europa central);Tue Jun 09 2026 19:06:00 GMT+0200 (hora de verano de Europa central)
47055;bloque_maquinas|lot_block_creation|partes_telar|produccion_telar;138;Fri May 08 2026 08:00:05 GMT+0200 (hora de verano de Europa central);Tue Jun 09 2026 19:06:00 GMT+0200 (hora de verano de Europa central)
47077;bloque_maquinas|disco_puente|lot_block_creation|partes_telar;25;Wed May 13 2026 10:09:10 GMT+0200 (hora de verano de Europa central);Tue Jun 09 2026 17:07:00 GMT+0200 (hora de verano de Europa central)
47175;bloque_maquinas|lot_block_creation|partes_telar|produccion_telar;86;Wed Jun 03 2026 10:41:02 GMT+0200 (hora de verano de Europa central);Tue Jun 09 2026 15:44:00 GMT+0200 (hora de verano de Europa central)
47145;bloque_maquinas|disco_puente|lot_block_creation|partes_telar;15;Fri May 29 2026 11:08:15 GMT+0200 (hora de verano de Europa central);Tue Jun 09 2026 12:39:00 GMT+0200 (hora de verano de Europa central)
47118;bloque_maquinas|disco_puente|lot_block_creation|partes_telar|produccion_telar;382;Wed May 20 2026 15:03:46 GMT+0200 (hora de verano de Europa central);Tue Jun 09 2026 11:33:00 GMT+0200 (hora de verano de Europa central)
47079;bloque_maquinas|disco_puente|lot_block_creation|partes_telar;23;Wed May 13 2026 10:14:42 GMT+0200 (hora de verano de Europa central);Tue Jun 09 2026 07:11:00 GMT+0200 (hora de verano de Europa central)
46696;bloque_maquinas|lot_block_creation|partes_telar;3;Mon Feb 16 2026 14:41:58 GMT+0100 (hora estándar de Europa central);Tue Jun 09 2026 07:09:30 GMT+0200 (hora de verano de Europa central)
47142;bloque_maquinas|disco_puente|lot_block_creation|partes_telar|produccion_telar;100;Thu May 28 2026 14:56:19 GMT+0200 (hora de verano de Europa central);Tue Jun 09 2026 06:33:00 GMT+0200 (hora de verano de Europa central)
47150;bloque_maquinas|lot_block_creation|partes_telar;6;Fri May 29 2026 11:32:22 GMT+0200 (hora de verano de Europa central);Tue Jun 09 2026 06:31:00 GMT+0200 (hora de verano de Europa central)
47115;bloque_maquinas|disco_puente|lot_block_creation|partes_telar|produccion_telar;165;Wed May 20 2026 13:31:48 GMT+0200 (hora de verano de Europa central);Mon Jun 08 2026 19:56:00 GMT+0200 (hora de verano de Europa central)
47054;bloque_maquinas|lot_block_creation|partes_telar;6;Fri May 08 2026 07:57:24 GMT+0200 (hora de verano de Europa central);Mon Jun 08 2026 19:30:00 GMT+0200 (hora de verano de Europa central)
47092;bloque_maquinas|lot_block_creation|partes_telar|produccion_telar;373;Fri May 15 2026 11:14:43 GMT+0200 (hora de verano de Europa central);Mon Jun 08 2026 18:33:00 GMT+0200 (hora de verano de Europa central)
47141;bloque_maquinas|lot_block_creation|partes_telar|produccion_telar;239;Thu May 28 2026 14:01:33 GMT+0200 (hora de verano de Europa central);Mon Jun 08 2026 18:23:00 GMT+0200 (hora de verano de Europa central)
47090;bloque_maquinas|disco_puente|lot_block_creation|partes_telar|produccion_telar;135;Thu May 14 2026 11:49:02 GMT+0200 (hora de verano de Europa central);Mon Jun 08 2026 15:45:00 GMT+0200 (hora de verano de Europa central)
47173;bloque_maquinas|lot_block_creation|partes_telar;6;Tue Jun 02 2026 11:23:30 GMT+0200 (hora de verano de Europa central);Mon Jun 08 2026 14:57:00 GMT+0200 (hora de verano de Europa central)
46856;bloque_maquinas|lot_block_creation|partes_telar|produccion_telar;151;Thu Mar 26 2026 15:08:54 GMT+0100 (hora estándar de Europa central);Mon Jun 08 2026 13:09:00 GMT+0200 (hora de verano de Europa central)
47135;bloque_maquinas|disco_puente|lot_block_creation|partes_telar|produccion_telar;193;Mon May 25 2026 05:31:50 GMT+0200 (hora de verano de Europa central);Mon Jun 08 2026 09:43:00 GMT+0200 (hora de verano de Europa central)
46860;bloque_maquinas|lot_block_creation|partes_telar|produccion_telar;130;Fri Mar 27 2026 12:25:13 GMT+0100 (hora estándar de Europa central);Mon Jun 08 2026 08:48:00 GMT+0200 (hora de verano de Europa central)
47144;bloque_maquinas|disco_puente|lot_block_creation|partes_telar|produccion_telar;464;Fri May 29 2026 07:19:46 GMT+0200 (hora de verano de Europa central);Fri Jun 05 2026 19:49:00 GMT+0200 (hora de verano de Europa central)
47171;bloque_maquinas|lot_block_creation|partes_telar|produccion_telar;73;Tue Jun 02 2026 11:20:50 GMT+0200 (hora de verano de Europa central);Fri Jun 05 2026 15:37:00 GMT+0200 (hora de verano de Europa central)
47128;bloque_maquinas|lot_block_creation|partes_telar;7;Fri May 22 2026 07:02:45 GMT+0200 (hora de verano de Europa central);Fri Jun 05 2026 15:37:00 GMT+0200 (hora de verano de Europa central)
47102;bloque_maquinas|disco_puente|lot_block_creation|partes_telar;38;Mon May 18 2026 14:17:43 GMT+0200 (hora de verano de Europa central);Fri Jun 05 2026 12:24:00 GMT+0200 (hora de verano de Europa central)
47166;bloque_maquinas|lot_block_creation|partes_telar|produccion_telar;90;Mon Jun 01 2026 14:05:07 GMT+0200 (hora de verano de Europa central);Fri Jun 05 2026 11:37:00 GMT+0200 (hora de verano de Europa central)
47152;bloque_maquinas|lot_block_creation|partes_telar;6;Mon Jun 01 2026 11:11:32 GMT+0200 (hora de verano de Europa central);Fri Jun 05 2026 11:37:00 GMT+0200 (hora de verano de Europa central)
47048;bloque_maquinas|lot_block_creation|partes_telar|produccion_telar;215;Thu May 07 2026 13:24:30 GMT+0200 (hora de verano de Europa central);Fri Jun 05 2026 10:45:00 GMT+0200 (hora de verano de Europa central)
47038;bloque_maquinas|lot_block_creation|partes_telar;5;Tue May 05 2026 15:28:31 GMT+0200 (hora de verano de Europa central);Fri Jun 05 2026 10:03:00 GMT+0200 (hora de verano de Europa central)
47010;bloque_maquinas|lot_block_creation|partes_telar;6;Wed Apr 29 2026 10:56:04 GMT+0200 (hora de verano de Europa central);Fri Jun 05 2026 10:03:00 GMT+0200 (hora de verano de Europa central)
46564;bloque_maquinas|disco_puente|lot_block_creation|partes_telar;14;Wed Jan 21 2026 16:03:00 GMT+0100 (hora estándar de Europa central);Fri Jun 05 2026 05:00:00 GMT+0200 (hora de verano de Europa central)
47007;bloque_maquinas|disco_puente|lot_block_creation|partes_telar;21;Wed Apr 29 2026 10:47:46 GMT+0200 (hora de verano de Europa central);Thu Jun 04 2026 19:03:00 GMT+0200 (hora de verano de Europa central)
47151;bloque_maquinas|lot_block_creation|partes_telar;6;Fri May 29 2026 11:35:15 GMT+0200 (hora de verano de Europa central);Thu Jun 04 2026 17:00:00 GMT+0200 (hora de verano de Europa central)
47033;bloque_maquinas|disco_puente|lot_block_creation|partes_telar;26;Tue May 05 2026 11:47:23 GMT+0200 (hora de verano de Europa central);Thu Jun 04 2026 15:23:00 GMT+0200 (hora de verano de Europa central)
47147;bloque_maquinas|lot_block_creation|partes_telar;6;Fri May 29 2026 11:11:43 GMT+0200 (hora de verano de Europa central);Thu Jun 04 2026 14:33:00 GMT+0200 (hora de verano de Europa central)
46935;bloque_maquinas|disco_puente|lot_block_creation|partes_telar;18;Wed Apr 15 2026 15:09:10 GMT+0200 (hora de verano de Europa central);Thu Jun 04 2026 12:13:00 GMT+0200 (hora de verano de Europa central)
46504;bloque_maquinas|lot_block_creation|partes_telar|produccion_telar;224;Mon Dec 29 2025 09:46:33 GMT+0100 (hora estándar de Europa central);Thu Jun 04 2026 11:18:00 GMT+0200 (hora de verano de Europa central)
46853;bloque_maquinas|disco_puente|lot_block_creation|partes_telar|produccion_telar;127;Thu Mar 26 2026 14:59:46 GMT+0100 (hora estándar de Europa central);Thu Jun 04 2026 09:35:00 GMT+0200 (hora de verano de Europa central)
45862;bloque_maquinas|disco_puente|partes_telar|produccion_telar;276;Tue Feb 03 2026 20:42:00 GMT+0100 (hora estándar de Europa central);Thu Jun 04 2026 06:50:00 GMT+0200 (hora de verano de Europa central)
47138;bloque_maquinas|disco_puente|lot_block_creation|partes_telar;18;Tue May 26 2026 15:30:57 GMT+0200 (hora de verano de Europa central);Thu Jun 04 2026 04:43:00 GMT+0200 (hora de verano de Europa central)
47029;bloque_maquinas|disco_puente|lot_block_creation|partes_telar|produccion_telar;112;Tue May 05 2026 10:12:03 GMT+0200 (hora de verano de Europa central);Wed Jun 03 2026 17:56:00 GMT+0200 (hora de verano de Europa central)
46501;bloque_maquinas|lot_block_creation|partes_telar;6;Mon Dec 29 2025 09:45:21 GMT+0100 (hora estándar de Europa central);Wed Jun 03 2026 15:45:00 GMT+0200 (hora de verano de Europa central)
46887;bloque_maquinas|disco_puente|lot_block_creation|partes_telar;25;Tue Apr 07 2026 10:03:27 GMT+0200 (hora de verano de Europa central);Wed Jun 03 2026 12:13:00 GMT+0200 (hora de verano de Europa central)
47148;bloque_maquinas|lot_block_creation|partes_telar;3;Fri May 29 2026 11:16:05 GMT+0200 (hora de verano de Europa central);Wed Jun 03 2026 10:49:27 GMT+0200 (hora de verano de Europa central)
47086;bloque_maquinas|lot_block_creation|partes_telar|produccion_telar;140;Thu May 14 2026 06:37:44 GMT+0200 (hora de verano de Europa central);Wed Jun 03 2026 10:46:00 GMT+0200 (hora de verano de Europa central)
46706;bloque_maquinas|disco_puente|lot_block_creation|partes_telar|produccion_telar;132;Tue Feb 17 2026 10:54:55 GMT+0100 (hora estándar de Europa central);Wed Jun 03 2026 09:16:00 GMT+0200 (hora de verano de Europa central)
47082;bloque_maquinas|disco_puente|lot_block_creation|partes_telar;21;Wed May 13 2026 14:29:02 GMT+0200 (hora de verano de Europa central);Wed Jun 03 2026 07:09:00 GMT+0200 (hora de verano de Europa central)
47095;bloque_maquinas|disco_puente|lot_block_creation|partes_telar;17;Mon May 18 2026 08:57:06 GMT+0200 (hora de verano de Europa central);Wed Jun 03 2026 06:05:00 GMT+0200 (hora de verano de Europa central)
47037;bloque_maquinas|disco_puente|lot_block_creation|partes_telar|produccion_telar;120;Tue May 05 2026 15:27:49 GMT+0200 (hora de verano de Europa central);Wed Jun 03 2026 04:37:00 GMT+0200 (hora de verano de Europa central)
46713;bloque_maquinas|disco_puente|lot_block_creation|partes_telar|produccion_telar;139;Wed Feb 18 2026 11:13:28 GMT+0100 (hora estándar de Europa central);Tue Jun 02 2026 19:11:00 GMT+0200 (hora de verano de Europa central)
47000;bloque_maquinas|disco_puente|lot_block_creation|partes_telar|produccion_telar;125;Tue Apr 28 2026 10:48:11 GMT+0200 (hora de verano de Europa central);Tue Jun 02 2026 17:56:00 GMT+0200 (hora de verano de Europa central)