pm;filas_lbc;filas_stock;productos_lbc;productos_stock;medidas_lbc_supplier;medidas_stock_supplier;es_bloque_o_material
47180;1;1;;314;2.700x1.750x1.750;2.700x1.750x1.750;true
47072;1;1;;314;3.000x1.600x0.950;3.000x1.600x0.950;true
47071;1;1;;314;1.600x1.600x0.950;1.600x1.600x0.950;true
47070;1;1;;314;2.150x0.650x1.650;2.150x0.650x1.650;true
47069;1;1;;314;2.550x1.800x0.950;2.550x1.800x0.950;true
47068;1;1;;314;1.900x1.800x1.650;1.900x1.800x1.650;true
47067;1;1;;314;1.750x1.700x0.750;1.750x1.700x0.750;true
47066;1;1;;314;1.450x1.350x1.150;1.450x1.350x1.150;true
47065;1;1;;314;1.500x1.650x1.900;1.500x1.650x1.900;true
47064;1;1;;314;2.200x1.750x1.550;2.200x1.750x1.550;true
47063;1;1;;314;2.800x1.200x1.050;2.800x1.200x1.050;true
47062;1;1;;314;3.100x0.750x1.450;3.100x0.750x1.450;true
47061;1;1;;314;2.400x1.600x1.100;2.400x1.600x1.100;true
47060;1;1;;314;2.400x1.300x1.100;2.400x1.300x1.100;true
47059;1;1;;314;2.500x1.700x1.450;2.500x1.700x1.450;true
47058;1;1;;314;2.700x1.650x1.550;2.700x1.650x1.550;true
47057;1;1;;314;1.800x1.450x1.700;1.800x1.450x1.700;true
47056;1;1;;314;1.950x1.450x1.050;1.950x1.450x1.050;true
47021;1;1;;3658;2.350x0.400x0.350;2.350x0.400x0.350;true
47020;1;1;;3658;1.670x0.650x0.330;1.670x0.650x0.330;true
47019;1;1;;3658;1.670x0.650x0.230;1.670x0.650x0.230;true
46945;1;1;;3656;2.100x1.550x0.800;2.100x1.550x0.800;true
46944;1;1;;3656;1.500x1.450x0.900;1.500x1.450x0.900;true
46943;1;1;;3656;2.100x1.450x0.750;2.100x1.450x0.750;true
46593;1;1;;314;250.000x1.950x1.550;250.000x1.950x1.550;true
46592;1;1;;314;0.000x0.000x0.000;0.000x0.000x0.000;true
46561;1;1;;314;1.900x0.500x1.450;1.900x0.500x1.450;true
46552;1;1;;314;2.700x1.450x1.000;2.700x1.450x1.000;true
46551;1;1;;314;2.350x1.100x1.550;2.350x1.100x1.550;true
46550;1;1;;314;3.100x1.700x0.550;3.100x1.700x0.550;true
46549;1;1;;314;3.200x0.800x1.750;3.200x0.800x1.750;true
46548;1;1;;314;1.700x1.400x0.900;1.700x1.400x0.900;true
46547;1;1;;314;1.500x1.350x0.800;1.500x1.350x0.800;true
46546;1;1;;314;1.500x1.700x0.850;1.500x1.700x0.850;true
46545;1;1;;314;1.600x1.150x0.900;1.600x1.150x0.900;true
46544;1;1;;314;2.800x1.200x0.750;2.800x1.200x0.750;true
46543;1;1;;314;2.850x1.800x0.450;2.850x1.800x0.450;true
46542;1;1;;314;1.500x1.200x0.850;1.500x1.200x0.850;true
46541;1;1;;314;2.850x1.200x1.650;2.850x1.200x1.650;true
46540;1;1;;332;2.000x1.000x0.300;2.000x1.000x0.300;true
46539;1;1;;3657;3.000x1.150x0.500;3.000x1.150x0.500;true
46538;1;1;;308;0.000x0.000x0.000;0.000x0.000x0.000;true
46537;1;1;;192;2.500x1.600x1.250;2.500x1.600x1.250;true
46536;1;1;;192;2.000x1.700x1.400;2.000x1.700x1.400;true
46535;1;1;;314;2.600x1.600x1.100;2.600x1.600x1.100;true
46534;1;1;;314;1.550x1.400x0.700;1.550x1.400x0.700;true
46533;1;1;;314;2.600x1.650x0.450;2.600x1.650x0.450;true
46532;1;1;;314;2.400x1.500x1.400;2.400x1.500x1.400;true
46531;1;1;;314;1.800x1.600x1.500;1.800x1.600x1.500;true
46530;1;1;;314;1.900x1.150x1.600;1.900x1.150x1.600;true
46529;1;1;;314;2.900x1.550x1.150;2.900x1.550x1.150;true
46528;1;1;;314;1.550x1.350x1.100;1.550x1.350x1.100;true
46527;1;1;;314;3.050x0.900x1.700;3.050x0.900x1.700;true
46526;1;1;;314;2.800x1.550x0.650;2.800x1.550x0.650;true
46525;1;1;;314;2.400x0.900x1.500;2.400x0.900x1.500;true
46524;1;1;;314;2.100x1.600x1.300;2.100x1.600x1.300;true
46523;1;1;;314;2.250x1.000x1.500;2.250x1.000x1.500;true
46522;1;1;;314;1.900x1.400x1.550;1.900x1.400x1.550;true
46521;1;1;;314;1.850x1.400x1.000;1.850x1.400x1.000;true
46520;1;1;;314;1.550x1.000x0.750;1.550x1.000x0.750;true
46519;1;1;;314;2.650x1.600x0.650;2.650x1.600x0.650;true
46518;1;1;;314;2.700x1.450x1.600;2.700x1.450x1.600;true
46512;1;1;;192;3.100x1.400x0.500;3.100x1.400x0.500;true
46511;1;1;;192;3.000x1.750x1.400;3.000x1.750x1.400;true
46510;1;1;;314;3.150x1.750x1.100;3.150x1.750x1.100;true
46509;1;1;;277;2.200x1.700x1.700;2.200x1.700x1.700;true
46508;1;1;;277;2.900x1.700x1.700;2.900x1.700x1.700;true
46507;1;1;;277;2.200x1.250x1.400;2.200x1.250x1.400;true
46506;1;1;;277;2.750x1.600x1.300;2.750x1.600x1.300;true
46505;1;1;;277;2.700x1.200x1.800;2.700x1.200x1.800;true
46504;1;1;;277;2.600x1.650x1.100;2.600x1.650x1.100;true
46503;1;1;;277;2.600x1.650x0.800;2.600x1.650x0.800;true
46502;1;1;;277;1.700x1.750x1.500;1.700x1.750x1.500;true
46501;1;1;;277;2.750x1.450x1.150;2.750x1.450x1.150;true
46500;1;1;;277;2.650x1.350x1.200;2.650x1.350x1.200;true
46499;1;1;;277;1.800x1.600x1.500;1.800x1.600x1.500;true
46498;1;1;;277;1.800x1.550x1.300;1.800x1.550x1.300;true
46497;1;1;;277;3.300x1.550x1.200;3.300x1.550x1.200;true
46496;1;1;;277;2.350x1.400x1.700;2.350x1.400x1.700;true
46495;1;1;;277;1.800x1.450x1.550;1.800x1.450x1.550;true
46494;1;1;;252;2.700x1.250x1.250;2.700x1.250x1.250;true
46493;1;1;;252;2.800x1.450x0.850;2.800x1.450x0.850;true
46492;1;1;;252;2.900x1.850x1.500;2.900x1.850x1.500;true
46491;1;1;;252;2.150x1.650x0.650;2.150x1.650x0.650;true
46490;1;1;;252;2.950x1.550x1.350;2.950x1.550x1.350;true
46489;1;1;;252;2.150x1.650x0.650;2.150x1.650x0.650;true
46488;1;1;;252;2.700x1.450x1.450;2.700x1.450x1.450;true
46487;1;1;;3655;2.300x1.750x1.500;2.300x1.750x1.500;true
46486;1;1;;314;2.550x1.500x1.300;2.550x1.500x1.300;true
46485;1;1;;314;2.750x1.800x1.400;2.750x1.800x1.400;true
46484;1;1;;314;2.600x1.400x0.500;2.600x1.400x0.500;true
46483;1;1;;314;2.850x1.800x95.000;2.850x1.800x95.000;true
46482;1;1;;3655;250.000x145.000x165.000;250.000x145.000x165.000;true
46481;1;1;;3655;300.000x145.000x170.000;300.000x145.000x170.000;true
46480;1;1;;3655;275.000x150.000x160.000;275.000x150.000x160.000;true
46479;1;1;;3655;300.000x150.000x160.000;300.000x150.000x160.000;true
46478;1;1;;243;190.000x140.000x140.000;190.000x140.000x140.000;true
46477;1;1;;243;165.000x140.000x160.000;165.000x140.000x160.000;true
46476;1;1;;243;170.000x140.000x140.000;170.000x140.000x140.000;true
46475;1;1;;243;170.000x115.000x140.000;170.000x115.000x140.000;true
46474;1;1;;243;200.000x180.000x140.000;200.000x180.000x140.000;true
46473;1;1;;243;165.000x140.000x135.000;165.000x140.000x135.000;true
46472;1;1;;270;255.000x175.000x100.000;255.000x175.000x100.000;true
46471;1;1;;270;170.000x130.000x115.000;170.000x130.000x115.000;true
46470;1;1;;314;230.000x140.000x170.000;230.000x140.000x170.000;true
46469;1;1;;314;215.000x140.000x80.000;215.000x140.000x80.000;true
46468;1;1;;314;245.000x140.000x140.000;245.000x140.000x140.000;true
46467;1;1;;314;305.000x125.000x190.000;305.000x125.000x190.000;true
46466;1;1;;270;0.000x0.000x0.000;0.000x0.000x0.000;true
46465;1;1;;270;255.000x160.000x115.000;255.000x160.000x115.000;true
46464;1;1;;314;285.000x160.000x180.000;285.000x160.000x180.000;true
46451;2;1;104|270;104;0.000x0.000x0.000|2.550x1.700x1.450;2.550x1.700x1.450;true
46365;2;1;71|270;71;0.000x0.000x0.000|2.550x1.650x1.750;2.550x1.650x1.750;true
46356;2;1;71;71;2.850x1.500x1.000|2.850x1.500x1.800;2.850x1.500x1.800;true
46190;1;1;117;117;1.800x1.500x0.700;2.700x1.500x1.500;true
46174;2;1;71;71;0.000x0.000x0.000|1.450x1.450x1.350;1.450x1.450x1.350;true
46173;4;1;71;71;1.850x1.550x0.000|1.850x1.550x1.650|1.850x1.650x1.550|150.000x150.000x2.000;150.000x150.000x2.000;true
46133;1;1;71;71;2.850x1.550x1.900;285.000x155.000x190.000;true
46132;1;1;71;71;2.950x1.550x1.900;295.000x155.000x190.000;true
46131;1;1;71;71;2.400x1.500x0.700;240.000x150.000x70.000;true
46130;1;1;71;71;2.600x1.300x1.700;260.000x130.000x170.000;true
46129;1;1;71;71;2.900x1.300x1.600;290.000x130.000x160.000;true
46124;1;1;72;72;3.000x1.600x1.600;300.000x160.000x160.000;true
46123;1;1;71;71;2.650x1.550x0.750;265.000x155.000x75.000;true
46122;1;1;71;71;2.900x1.350x1.100;290.000x135.000x110.000;true
46118;1;1;131;104;2.500x1.400x1.750;2.500x1.400x1.750;true
46095;1;1;71;71;1.550x1.250x1.450;1.750x1.300x1.600;true
46091;1;1;71;71;2.300x1.600x1.000;0.000x0.000x0.000;true
46078;1;1;71;71;3.000x1.100x0.850;300.000x1.100x0.850;true
46077;2;1;71;71;0.000x0.000x0.000|2.400x1.200x1.650;2.400x1.200x1.650;true
46076;1;1;71;71;3.000x1.700x0.850;300.000x1.700x0.850;true
46048;1;1;71;71;2.800x1.750x1.500;280.000x1.750x1.500;true
46026;1;1;72;72;2.200x1.850x1.600;3.000x1.600x1.600;true